CAGCCTTGCTTTACCATACC	1
TAATGTATGAACCGCCGTCT	1
CCGAATCGACGCTGCAGGAG	1
CGGGAGGATGTGCAGAGTTG	1
AGCGCTACCCAGGGATCAAG	1
CTCTGAGCAGACAGTCTCAC	1
ACAGGGGCTACTTGATCTGG	1
GTATCGATGATTATCTTACT	1
CATTGTTCTTGCTGTACTCT	1
GTTTAGCGCCGAGCATCCCT	1
AACATCCTTTGTAGGTTCAC	1
CTCCTTATGATATGACACAC	1
ACATCGTCCGTACTCTGCTT	1
GTGATGCGGAGCTCTGCATT	1
CGGATCTACCCGACGCTCTT	1
CGGCACGACTGATATACTTC	1
CCGCCAACTTAGGGTAGACT	1
GATCTTCATCTAACAGCTCA	1
GGTCCAGTGGTTATGTTTGC	1
CAGCTAGTAGATCACCGCCA	1
GGTGGTTGTTCAGTGTGGCC	1
GTTAGATGGCGAATGTGGGA	1
CGCTGGGCTTTCATAGAACG	1
CAGCTAGATGTGGACTTTGC	1
GGGGGGTCATGGTCCCTAAG	1
TCGCCATAACGTTCAGCGGG	1
ATGTTTATAACCCGCGAGCC	1
GACACGTGTCGGTCTTGGCC	1
GCGTGCCTATGACGGCAGGG	1
ATTCCCCGTTCGTAGGCAGA	1
TTTAGCGGACGGGATACAAG	1
ACACAGGCAGCCGAAAAAAC	1
TGATGACGCCAGAGCTTAAA	1
ACTTTTGGTATCCCCCGTTT	1
TAAGAGCTAACTGGTTAATA	1
GAGCTCTTGAAACCTAAATC	1
AATCCACGAAACCGCTCCTT	1
CCCGTTATGAGTCGGTTCAT	1
AACAGTATAGTACTCGACGT	1
ACTGGACCTCGCGACAATTG	1
GACGGGGCCACGAGACCTCG	1
GTAAAAGTTCGATGGACTCG	1
AGGTGTCACGACCTCATTGT	1
CGGGTTAACCGTTCGTTCCA	1
TGGCTAGCGGTACCGGAACG	1
CCTCCGGTATCGGATTACTA	1
GTATGGACTGTTTTCCAATA	1
AGTTTCCCCTTCCACATTAT	1
GTCCAAAGCGGGATTACCCA	1
GTTCAGGCCATCTGTTGTGG	1
TCGCGCCTCTCACGTGCGCC	1
GCCGACCCCAAAGATCAGTT	1
TCGGGGCGTGGAGCTTTAGG	1
TGAGGTCTTCTCTCGGAGGG	1
TATACGGCTGTCCGGGGTGG	1
GATCGCTGCTCTGAGGGCGT	1
GTGCCTACCGGCCGGCGCAG	1
CGGGCTCGAGATAATCATGC	1
TGCTAAGCCGGGTGGGATGT	1
TGTAAGAAGCGGTCATATTA	1
GTCATCTTAAGTCCGGGTCG	1
ACAACTCGTCCGACTGCGCC	1
CGGCTTGCCTGCTGACACGC	1
GGGCTAATAATTACAGTTAT	1
ACTGTATCTTAACTTGGCGG	1
CAGTGCACGGGCACTCTTTT	1
TCCCAGTTCCGCTTATTCTA	1
TCTCTTGAAGGTGGGAACGT	1
CTTGGCAGCTAAGCCGGAGC	1
GAATCATTCAAAATCGTAAT	1
CGCGAGCACCAGGGCGTTGG	1
CCAAGTACCAGACTGCCCAC	1
AGGCTACCTCTACGTACAAT	1
TGTTATGAGCGTGTTCACCT	1
ATTTGTAACTGGCTCACAAT	1
ACGACTAACCTCCCCGGGTT	1
TCGGGAAGGACTACCTCAAA	1
GTCCTCATCGAATATCCGCT	1
ATCGGGCACTCTGCCTGTCG	1
ACATCACAACTCTGGTCATG	1
ACCTGCGCTCTCCATATTTA	1
TTGGCCTCCCTGATTCTTCG	1
CCCGGATTCTCTGGCGATAC	1
GACTAATGTCTAGGCCCGTA	1
GTGTGTAACATTCACAACGA	1
CAGTGACCTTAGAACACCCA	1
CTATCTCAGGTTTGGGTTCC	1
ATAATTGTGATCAATCTAGT	1
TACGAGTCATCTGAACAGCT	1
AGCTTAGGCGATTTTGTCAA	1
CAGGTCCCCCCTTGTTTGTT	1
CCTGCTCGCCCGATGTCAAG	1
TGTTTAAGCACAAATTCTCC	1
TCCCTTAGGTGAAACCAACA	1
AATCACATCCATGTCATGAC	1
TTCTTAAATATCTAACCATA	1
TCAGCAGCGTGGCCTATACA	1
TTGAAGAACTATCAAAAGTA	1
AAGACCACACCTCTCCGGAA	1
AAACGTAATCGTTACCCGGC	1
AAAGACCCTAACACGCGCAT	1
ATAGTCGACCGACGACTCAA	1
TACGATCAATGTACTACAAA	1
AGGTGAACCATTGCTACAAC	1
ATGATGCAGTGTATATATAC	1
CTCCCCGCTTGTTCGAGCTT	1
ACCGGCACTCAGGTTAGTAG	1
AGTGCAGTTTGATAACCGTC	1
GACCGGGTCGCGCAAGGCCT	1
CCAGGTTGTGCCATCCCTAC	1
GGGCGTGTCGGTACAGCGCC	1
CTACATACCTTCAGATTTAA	1
TGTATTAAAGGACCGTTCAC	1
TCATAGTGTTATCATCCATT	1
GCCCAATAGATCGCGGCTAT	1
ACCAGCTAAGCCAACGCCGT	1
TGGTCCATGGGTGCCGAGCC	1
CTCTCCGAAGTTATAACAAA	1
TGCGGGCTCATCTGGGTAGT	1
ATGCCTGAGGGACTTCCCGG	1
ATCTTCACGGTGGTCGGCTT	1
CGTGGACAGGGCCGTATCTC	1
AAATGTCAGGCCCACTCATA	1
TTATCGGAAGTTTTTATGTA	1
GCTGACAACCCGCGTACATC	1
TGGTAGTTCGCGGAACAGGT	1
TGCGTTTAGGACAATTTGAT	1
CGGCACCGAAGACACTGGAC	1
CCGGAGAGACTTGGTCCAGT	1
CTATCATGTGGCCCTAACGT	1
TCGGAGACGGAAAGAGTAGA	1
AAGTTACTTCCTTGGGGTAG	1
AGAATGTGCGTTATTTTGGT	1
TTGAGCACCTCCTCGTTAAG	1
GAGTCGGTCCACACAGTGGG	1
CTCAAGGATCTCTGTTGAGA	1
CGTATTCTTCTAACTCATCC	1
TCTACGAGTATTATTCCTAT	1
AAAAGATATGATCGAGCTTT	1
CAAACAGACAGACAATCACG	1
TTAATAGTTTACGACAATCT	1
TGTTACACCGCCGTCCGTCG	1
ATGAGGATGGTTGGGGCCCG	1
ATTTTCCTCAGCATGTCAAC	1
TCTGGCCAAACTCGCGCGAC	1
CACTTGCGGTTGTTATCGGT	1
CCGATGTCGTCTGACCCCCA	1
ATAGATGACACCCCGCGGAA	1
ACTTTATACTTGAGAGGCGG	1
TCTATCGGGGCATTGTCAAG	1
CAGGCCTAGGTTGGACGCCG	1
CCTCTAACGATGTAACGACC	1
GAGTACAGCAGGAGGAGAAG	1
GACCTGCGCGTGTTTAATCG	1
TAAGCGCTGATAGCTCGTGA	1
TCGCTGGCGCCACGCGAGGG	1
GAAAATCGCGGACACTGGGG	1
TGAGCGTGGGCCTTTGGTCG	1
TTTAAGGGATGGCGATTGCT	1
GTCGTCGATTTGCGAATTAT	1
CGGTGGGTTTGTGGGCTGCA	1
CGTTGTACCTTTTCCAAGAG	1
GGAAGAGCCTCGTAGTTCGA	1
AGCTTGGGTGGGTATGCTCG	1
ATCACCAGCGAGAAAGTGGT	1
CAAAGCAGGAGTGCGGGCAA	1
GAATCGGTCCTTATCGATAA	1
CATAGGCTGTTTGCCTCCTA	1
AGAGTTTGACATGTATCGCA	1
AAGGGACCTGCCTCCTAAGT	1
GAGAAATGATCAGACAAGAT	1
TTGTCAACTGTTTGAGTGGT	1
TTATTCCTCTATCGCTCAGC	1
TATCTAAGGGTATCTTTGCC	1
TGGGTTAAGCGGCCTATGTG	1
TCTTACCGAACTCACAACAA	1
CTGATTCCGAAATACCACGT	1
ACCCACGTGGTAATGTTCAA	1
GATAGCCCGTCTGTGGTTAC	1
GATCGACAGACACCGTCAAA	1
GAGCACCCTTAATGACGGAA	1
TTCTGAATGTAATCCATGGC	1
AAATAATTTAGATAGCCGTA	1
GATGTTACTAGTTAGACCTG	1
TGGCCATTGAAGAATTGCTT	1
CATACTCGCTCGACTAAAAT	1
CGTGAAGGGTAGTCATACTC	1
ACATAGTGCGCGCACTGTTG	1
CACTGCGAACGGCATATGTC	1
TTCGTTGACTAGGGAGGATG	1
CTCCCGATGGCATTATATTT	1
GGGCGGCTGCGGGTTTGTAT	1
AAGAGGACGATAATATGTTA	1
GTGACCGGGGGCGGGCGGCG	1
GTGTGCTAGCACAAGCGGTT	1
CCTAGCTGCAACTTACCCGA	1
AATTTGTCTACGCTGAATGA	1
TTCATTGCCTCCAACATACA	1
ATGGCGAGTTGTATCAGAGA	1
CAAACGGTTAGCACGAGGGC	1
CTCTACACCTGCAGTGTTCT	1
ACGGTAGGTTTGCTATTATT	1
CCTTCCGCAGCATTCTCTAT	1
TCCCGGGTAACTTAGCGTGC	1
CCCTTCGCGGAGAATGGGTA	1
ACTTCCGAGCTACGCTCTGG	1
GCACGTAGTAATAACACTAG	1
ACGTGTGCGATCTGTCCAAT	1
TCGCTCAGTTGGTAAGGCAT	1
TAAAGGTTAACCGGGGCTGA	1
ACTAACTTCCTACCACCAAT	1
TATTCTGATAGGGCAGCTCT	1
ACTGGAGATGAACCGCTCAT	1
TTGGTCGTACCCTGTCTTAC	1
TAAAGTGTCGATCAAAGCGA	1
TATCGAGCAGTTAAGTAAAC	1
AGGATAGCCTAGACGCAGTG	1
GATACTTGCTCGGGAGCTGC	1
CCTCAGTGAATGACGCAGAT	1
ACATGTGCTTATCCTTGAAT	1
CGGTACAGCACCTGTGCTGA	1
ACCCGGACCCCGACCAAACG	1
GCAGGACTATGTGGTTACAC	1
TTCTGTAGTCTAGATCCATA	1
AACTGTGCTGATTGTGCGGG	1
CGAGAAGTCCTCTTAATCCT	1
GGTCACAAGCCGGTCCATCA	1
TTGTTCATCGCCTTCTTTCG	1
TAAAGGCCAGCGAGTCTTCA	1
GTGGAGTAGGAGCGGCGTGA	1
GGCGCGGCGGGCCCGTACCT	1
ACAAGTGTTAGGCCAGTGGA	1
TAATCTAGCGTATGCTGTCG	1
GGTATCGCGAGCTGTGGACT	1
AAGAGGGATCGCGGGTGGTT	1
CATGCCATTCATATGAACGT	1
GCGTTACCTGAGCTCTTGCC	1
GCTGTGTGGAGGTGAGGTTG	1
AGGGTTACCGGGGACGTTAT	1
GTATGTAACTCATTCATGAC	1
TAGATGGCCTTCCATGGGGT	1
GATCCTTATGTGAGCCCTGC	1
TCGCCACACCGGATCCGCAG	1
AATTCAGCACTACCTAAGCG	1
AAAATCAGTGGAATGATGAA	1
AAAAAAGTTGTTGGTTCCCG	1
TATTTCTGTTAAGGTATCGG	1
TGTGAGTTAGAGCTATCCCG	1
CCATTATCTTAACGCCGAGT	1
TTCATACAGAGGAGCCTCTT	1
CTTATCACTAACAAACAGTG	1
GACATCCTCTGGTAAACAAA	1
GTAGATCTGTGTCAAAGGAA	1
CAACTATATCCTTCACCTGG	1
ATGGTACCCCATCCCTTGGC	1
CTAAGTAAGCTAGGGTAGCA	1
GCCCCTTAGTCTTTGCGGAA	1
TTTTCGCAGCGGGCGGGACG	1
TAACTCAACTCAATGTTACC	1
GTATTCGAGTGGTTTCGAGG	1
CGAGCTCACCGGCAGAACAA	1
CAACACCTGGCGCCAGGCGG	1
TGATCCAGAGATCTTGTCCG	1
CTAGACCTTTACTTCGCTCC	1
ACCCTACCGGTTGGATTGAG	1
GTGAGCTTTCCGCGTCACAT	1
ACCAATACGTATCAGCCGCG	1
TTCTATAACTACTCTGATAG	1
GCCGTCTCAAGACCGTATTT	1
TCGCTCCAGGGTGTGCTCAT	1
CGGGATCGCATGTAGACCCC	1
GAGTTTTTGCCTGATAGTGC	1
AGGTTCGTGTGTAATTCCCG	1
GTATTCTGTAGAGCGCTAGT	1
ACTCTTTATTGTTTATGACT	1
CTGCGGCTCCCCTTAATCCC	1
GCAGGGAATTCTGATGAGGA	1
GTGCCTCCGCGTATCAGCGA	1
AGATAATCAGTTCTTCTCAA	1
GACAAAAATACCTGCCGAAC	1
CGATTTGTCCCACGGGGTCC	1
GGCCAGTGGAGAAGATCATG	1
GGTCTACGTACTAGACAGTG	1
CAATCGGCCAGACCGTTCTT	1
CTTGAACCCGATGGAGGGCC	1
GAAGGGAAAAACCTTATGAG	1
CGCCTCGAGGTGTACATTCT	1
GACCAACAAGTGCATCGATT	1
GGTTAGAAAACACACGCAAT	1
GGCCGACCTTGAGGTAGTCC	1
CTGGGGGATGTCTTTGGCAT	1
TTCGTACCTGAGCTGTCAAT	1
AGGTCACGGTGAAATCAGCC	1
CCTTGGGCCTTGGTTCAAAT	1
GGTCCAATGAGTCGATAGGC	1
TAATCAACCAGCATCTGACC	1
GAGCAGGAGCCGCCCTGGCT	1
GCAACGTTTCAGGAATGCCC	1
GAAAAATAGAATATGTTCGG	1
TATCGAGCATCTTTAATTCT	1
TATCGCGACTGCTGAAGGAA	1
ACCTCGAACAAGACTGGCCT	1
CTCTCAGTTGGGCAATATAC	1
TCATACGCTGAACTTTTTTT	1
TGCATCTAGAATATCGACTT	1
CATTTCGCCCCCGCGCTGTA	1
CAATATGCAGCCTACCATTC	1
GTGTCAGTTATCGAGCTCAT	1
GTTCACACGGCCGCATCCAA	1
GAAAGTAATGTGCCGATGAA	1
AAATATGTTATCCTATTTAC	1
GTATACATCGTAAGTTCTTC	1
TGGCGCATAGATTTGCTAAG	1
ACTATGGTCCTAGTTCCCCG	1
GCCCTGCTGAACCACTAAGC	1
GGGGACATTATAGCTCTTCT	1
TAGTCGCACAAAAGTATTTT	1
CCGGCGACCATTCCGGTATA	1
TCCTCGATACCCCTCGGTCG	1
CTATCCATCTAAGAGTGTTG	1
CTCGTCCCTTTCGTACAAAC	1
TAGACGTGGATACGGAGCGC	1
CAAGATGGACGTTCACGTCA	1
ATTGTACCTCTACTATGGTG	1
TATGACCGACCGTACTTGCA	1
AAATGCAGAACTGCGCGCTT	1
GACTAATGCCAACACGGGCT	1
GAAGGCATTATCGGACGCTG	1
AAAGTGGTCATCTATCGAAT	1
TGTCCGCGTAGTTTCGACGT	1
TTGCCTTACTCGACTGGGCT	1
GAAGTGCGCGCTAAGCGCCC	1
TACATTACGAAGTTTTGCTC	1
ACCATGGTGGGGAAGGTGCA	1
AGAATGACTGCCCATAAGTT	1
TAGGGTGGGGTGGTAGAGGG	1
ACTCACCTCCGCTGGTAATG	1
CCTTCTCTCAGTCAGCCTCA	1
ATTTCTCAACTTACGACACA	1
TAATTAATCAGTTAGTCCAG	1
TTGAAGTCAACTGGAGATAT	1
TTGCGGGAAGCCGCAGCCTA	1
TGAAGCGCGCATCTTGATTG	1
CATGTTACTCTGAGTACGAG	1
GTATTGACAGATAGCGAAAA	1
CGCACGTATAGGGGGCGGGT	1
ACAGCAACCCAACGTTTTCT	1
GGACTCACAGATCGCGCTGA	1
TTGAACGTTACTGAGTTTCG	1
GGGGGCAAGACGCGGGGGGT	1
ATCGGTCACGAGTATGGTAC	1
ACCTTTGTGAGCTGGGAGCA	1
CCCATCATGAACGTACTACA	1
GTTAATCTGCCGCCTTAATG	1
GCCTCCTTGCACTTCTCGTG	1
GCTCACCCGCCACGTGCATT	1
CATACCCCTTTCGCCAATAC	1
AGTCGATAGGACAATCCTAC	1
AGAGACTGTCTGCCAATTCA	1
CCGTGGCGTGTACGCCTCTC	1
GGCCTATCGCCAGAGCGGTC	1
CTGTATTTCGTAACGTCATG	1
TCTGTGAAACTACCGTCGAG	1
GTAGAGGTAGAATTTGTTTG	1
TTTATTCTGCTAGCACGATT	1
ATGGGCCAGGGTAGCTTCAC	1
AGCAGAAGTAATGGGAGACG	1
AAACCCAGTGCGACCAGTTT	1
TAGGTAATCGAGTATGTGGG	1
GTTATGCGGACTAATGATGT	1
GCCGGTGCGATGTGCGCAAG	1
TGTTCTCTTGGGGCCAATTC	1
TACAGGTCACGAGCGAATTA	1
AATGCTGATTGCCTGACCAC	1
CCCCCGCCTTCTCAATAGCT	1
CGATAGCGAGCGACTTCTGC	1
CGTCTTTAACACGAAGGTTC	1
CTATACTCAAACTCTCCCTG	1
TAAATCCGTTAATCTCTTGA	1
CATTGTGTCCTCGACATCCC	1
AAGCATGCCATAAAAGGGAA	1
GACCAGAGTCATGTTAATAG	1
ATTGGATTTATCGGGAGCCC	1
TGATCTGGGCTCGCTAACTG	1
CAGGGCCGCGAGTCCGCACG	1
CTCCCCTGGTACATCGATCA	1
AGAAAGGGAGTTCAGATAGC	1
ACGTCCTAGCAAAGAGGACG	1
CATCTACAAATTCAAACGTG	1
TTCAGTTTGGGTGCCGACTG	1
ATGATACTGATAATATTTGT	1
TGAAAAGTTGTGCTTATACG	1
CTGAACCTACGTTAAAGTCA	1
GTGGTCCGTGCACCTCTTTA	1
TGCCTGTGCTGGTTTAATAT	1
ATATTACGCAGTGGAAATTC	1
GTGAGGAGAGGCCGATGACT	1
GAAATGAGACCGTGGCCACA	1
TCAGTTCCGTATGATGTGAC	1
AATAGTCAGACAGAGCGGAC	1
GCTGCAACTCACTGCGAATT	1
GTCAGCGAAGCGCGTCACGC	1
CCGCAGGATCAAGAGTGATA	1
TCTTTAAACGTGATCTGCTT	1
CAAACAGAGCGATCGACTAC	1
GCCTCATTCCCATCGTCCTC	1
AAACTCCTGTCTTCGGATTC	1
ACAAGCGTGATTGATATATC	1
GCCATCCCGAGCTGCGCCTA	1
GACAAAGTGCCGACAAGGAT	1
TCCGTCGATATAAGTCTGGC	1
TGCGCAACCCGCGCCGTCCA	1
GCGCTAATCCATAGGCATAG	1
TTCATTTCGGGCGGACTGAC	1
ACGACCATTCCCATAGTCGA	1
GAAAGTTTATAGAAACGATG	1
CGATCGAAAATGTACAGGTG	1
ATGTTGCTAGCGAAACAATA	1
GGTTTGTTGAAAAAAACAGG	1
GCGTTAGCTAACTGTGCAGG	1
ATGTATGTTCGGGGTACACC	1
TTAGCCTCCTTCGGACGTAC	1
CTCTGAGAGCTCCGAGCGCC	1
GGGCCCATGACTACGCCCAC	1
GAGGCTAGAACTTGACAAAC	1
ATGACCAGTAGACTCCGAAT	1
CCCCTGTACCACTGACAGTT	1
AGCACATTTAGGCACTTTTC	1
TAGACCCCTATGAGGTTTCA	1
TTAGTCGGAAGCTCTCTCAG	1
ATTGGCTCCTTATCTGAGTG	1
GATCCACTACATGATCGAGA	1
CCGAATCGTACGCGCACATC	1
AAAAATTGCATGAGAGTGCT	1
CTTACTGTAACGCCGTCTTA	1
GCCTGCGATGGGAACTTGCT	1
CTTGAGGGTATTTGGTGCTT	1
ACTCTTAAGGTGCGGTAACT	1
TCAGAGCGGCAACTCAATCC	1
AGTCTTAATTTGGCTCGTTC	1
TCACAATGTGTCTTATTGTG	1
AGACTGGCCGGCGGAGGAGC	1
CGAGCGTGTGGAGCCATCAT	1
ACTGTACTGTCAATGCCTTG	1
CGCCGCCTAGAATATAGCGT	1
TCGTGGGCGTCACCATACCA	1
GGTTCGTTAATACCCAGACA	1
CGAGAGCGGCACATATCCAC	1
ACTCAGGTAGTAACTAAGCG	1
GAGTCTCTGACACGCATCCT	1
ATGTTCTGTGACCATGGTAA	1
ATATAGAGAAAGTTCATTAG	1
GGCCTAAAACTGCAGATGTG	1
TCTGGCTGAATTTCCTCTGT	1
AACTGACTGTATTGCCACCC	1
AACGATAATATGTAAGCACT	1
TCGTTCGGATGCAGCCTCCG	1
GAACTGAAACGACGTCGCCC	1
AGGCGCTTTAAACAGTTCTC	1
CGCCCGTCATATGTACTCGC	1
GCTGGTTACAAAGCTTCTAG	1
GCTCTCGTTCTCCCCTGATC	1
TGGCCCCTCATGGTAACTAG	1
AGCGGTAACGTGATACGTGC	1
CTATTTGCGAACTAACAAAC	1
CCCAGGGAGTGAGTGACACC	1
AGTTACCGTACATGCTTGAT	1
TAGTAACGCCGTGCTATCGT	1
GTACGTAGGTCCGGCCTCTG	1
CAGAAGACCCGAACATGTAA	1
CAGGGGATCTTCTGCTGTAG	1
ATATTGCACAACACGCACAG	1
GACATAGTACCGGAAGGGCC	1
GACCTAAAAGGGATCTTTAG	1
GGAAAACTCCAATTTTCTTA	1
TGATCGACCCTGGACAGAAT	1
TCTTTAATATTCCAATAGTG	1
TGGCTTGTCGGACATTGTTA	1
TAACGATCACAACCTCGGCC	1
ACGCATTGTCTTCCCACTAG	1
CTTTATCGTTGAGAAAGGGG	1
CCGGTGTCGATCACCAAGGT	1
TATCAGTCCGGGACCGACTA	1
TTAGCGATGTTATGAGGGTA	1
GCTGAGAAATAAAAGCAGCG	1
CGTCGCCTGGATACGCGTCG	1
AAGAGCCACGGGGGTAAGAG	1
GCCTGATCCTTTTACACGGG	1
GCCATATGACGATGTCTTTA	1
ACCCTTAGGACGAACCGTTG	1
GACGTGTGCCCTTGCATGTT	1
AGACGGATTTATCGACATCG	1
CAACTAAGATAGTCCGGCAT	1
GAGGAGCCAGAGACTAATGG	1
GCCAAGGGAAATTCGCAGCT	1
CTATCCAGTGGCCCCTCATT	1
AATAGTAGCTAAAGCATTTT	1
GCAAGCGGGGCAGTGAGACG	1
ATGGTCGACCTCTAGGATAC	1
CTTCGGTACTCAAGAATAAC	1
CATTTTGGCTTACCCCTTTC	1
GGGGTATACTTCTCTATGTA	1
CCTACGTCACATCGTAGCAT	1
GACCAGAAGAGATAGAACGC	1
TACCCATACATTCGGTCCTC	1
GTACCGAAGGATTCGTTGCA	1
CAGCCACGTTCCAAAAACCG	1
TCGGTGCATGGCCTACTACG	1
AACATCCAATCAGCGTGTTC	1
AATTAACCGTCCTGAACCGG	1
CTACGGCTAGAAAGACTTTT	1
TTTCGCTAAGCGCTTTAGAG	1
CGTCTACTATTATTCGACTG	1
GCCCCTCACAAACCTATTTT	1
CCGCGATATAAACGAGCGTT	1
CACCTTCCTTATGCTGGTCC	1
TTTCGATCCTGGGACAACAA	1
ACCCGGCCTCACAGCTACGG	1
TGCAAGTGTGGCGGATTTAA	1
TGGGTGATTCACGGAGCTAA	1
GCGCGAAGCCATAGCGCTCT	1
TGTCTCGGGCGTTATCCTAC	1
GTCTGGACACAGGCATACGA	1
ATGCACGAACCCAGACGTTG	1
TTCTGGTGTTTAATTGCTTT	1
GGGACGGGTGGTTACTGAGA	1
GGGATGAAAAAAGGCTGCTA	1
GTTCATACCCTAGTTTGTCT	1
GCCATAGGGTACTCCTGGAC	1
CGCCTTCTATCACTTTCGAG	1
AGGAAACAAAGATAGGCTGC	1
GGGTGAGCTCCACTACGAAA	1
GGCGGCGCAGTCGAGGGTTT	1
GTTATGCAGTATGGGTCCCT	1
ATAGCTCGTGAGGCCGTCCA	1
CGCTAGTAGTATACCGCTGG	1
GAAAACCATGCGTGGCAGGG	1
TATTGTTCTCGCTATTTTGG	1
TGGGCTTTAAGTAGAAATTC	1
ATAAACGTCAGAGGTGATGG	1
ACACATTATATCTTAATTCG	1
AGCCATAGTTTAGCCTATAG	1
CCTTTGATGTCAACATCAGA	1
TGTACACACCACATGATGTG	1
TCGGCCACTTAGAAAGACTG	1
ATAATAGTTTGTTTTCTAAC	1
CGTATCTCCGTAGCCCCGAT	1
TAAGACTCAGGAGTCGAAGG	1
ACGGAAAACACGATGCGGGA	1
CTCATCAGTCTACAATAGGG	1
ACCTTGCCACTATAGCAATA	1
ATACCCACTATGACATAACT	1
AGTTAGTCTATTATGAAGAC	1
ACGGGTAATACGGATTACTA	1
AAAGGTCGCTCCCATGAACG	1
ACCGAACTTCCTTACAGAGC	1
CGGGAGGCGGAAACCCCTTT	1
TCAACTTGGTTTTTAAACAG	1
TACTCGAACTGATGGTTGGA	1
AAGCTATTCAAGCCTCACCC	1
GCAATGCGGACCCGCCTGGG	1
TTTGTGGAGTAAACCAAGTG	1
CGGGTCTGTCAAGAAAGTCG	1
AGTGTACAGCAAGTGATACA	1
ATAGGCCAACTTATGTACTA	1
ACCCCCCGAATCATCCGGGC	1
TTTCAGCTGACATGTAGGAA	1
ATATAGAGGATACAACTCAC	1
GCAAGGCGTCTTACACGGGT	1
AAAGTGCAAGGTGATCCAGC	1
TGCAGCGGAATAGATCACAT	1
TGAAGGCTGGCGAATTGGAG	1
AGACATAGTCTCGGAGGCAA	1
CACAAATTAGCACCGGTCAT	1
AGTGAACTGGGTATTTTCGT	1
ATCAGCGACGTTTTAGGCCA	1
GTTTAACGTTGATAAATACT	1
GGGGCGGACCTGGTGCTCTC	1
ATTTATGCGATGCCCCCATG	1
ACAACACGAAAGCTAACACC	1
AGCTAAGAATCGGGCAGTCA	1
GAGCTTGTTGACTCATAGGC	1
AATAAAAATCCGTATTATGT	1
CCGTCCTCGCCGCGGAGGAT	1
TAATCCTGCATAGAACGAAT	1
TAGGTTAGTCACATTAGCCA	1
CATTTACTAACTGAATTGGG	1
TTGCTTCACGGCACAGTCGA	1
TGGTAAAACCTTCTGACGTG	1
GCCCATGATAATTAGACATT	1
GAACGACACTCCCCTCTTCA	1
TAGGTAGCAACACTCGGTGG	1
GAATAAGGCTCCAATCGTCC	1
TGGTCGGTCAACGTCGAGCG	1
ACCCAAAAGAAGGTTCAGGA	1
TTTAGCGTGTAGAAACAGGT	1
TTAATTGGCGCGGCGTCTTG	1
GATTGCTCCTATGGAAAAGT	1
GTGATTCCGAAATCATTTTT	1
CATTTGGAGTGCTACCGACG	1
CTTTCCTTAAGCAATTGAAT	1
CGCTTATTGGTTGTTCCGAA	1
CAGTCTGGTAATATTGTAGG	1
TTCAACGGGATTGGCTTACG	1
GGGACAGACGGCGCCGCTTA	1
TGTATTGAATCTCGAATACT	1
TGCGCCCTAGCTGGCTTGGT	1
CAGGGGACGTGAGGGCATTA	1
TGAGCGTCAATTCTGGGGGG	1
TGTAGGCGCTTACACCCCAA	1
TTTTGCGACTCTCCGTCGCG	1
CAATGATTCCAGAAGCCGGA	1
GGCTACTTCGAACTGAATGT	1
GTAGCTAGAGAAATTCGTCA	1
ATACAGACTCAGAGGGTTGG	1
ATACTTATCGGTCATACATC	1
TGAGCCCCCTACTAAACCAA	1
ATTACCGTCGATTGGGCGGG	1
CGGGGGGATAAAACACGGAG	1
TTCTCGCCCTAGGCACACCG	1
ACGGTCACTCCTCTCCGCAT	1
CGCGCTCGTATAATATAGGT	1
GCCTGGTTCTAGAGGATCAC	1
TACTGCTTGCCCGCGTGGCA	1
GAGAACTGGGCCTCAACGGA	1
CGCGTGTTGCACGACTGGTC	1
AGTCTCTGCAGCGGTGCAAC	1
CCGGCTGCTTAGACGCCCGG	1
GAAAATCAACTGCGAATTTA	1
AGGCTCTCCTCGGCGAACCT	1
GACTCGCCGCGTACGATGAT	1
TCGGTGTGGTCCAAAAACCG	1
CCTGGCGGCACGATTACTAC	1
ATGGTCAACAGTCCGACTGA	1
CTCCGACCGAGCGCCCCGAA	1
ACGCGTGCTCCTGGCTCAGC	1
AACTCTTGGAGATACGGGTG	1
ACCTGACTCCGAGGTATCCA	1
CACACTAGCAAGACCGAAGC	1
TCGCCTGCGATGGGACGTGT	1
CGCCTCCTCTAAGGAGTAAG	1
TCACGCAGCGTGACCTGCTG	1
CATACTATCGCGCAAGCAGT	1
GGATAATGGTCAAAGCTCTG	1
GAACTCGAACATGGCCTCGG	1
GGGTGCTGGGACAGTGCCAT	1
GTGCTAGTACCATGGAAGGG	1
ACTCGCAAATGCTGCTGATC	1
AGTGGGCCTAATGGTTCAAG	1
CTCTTGCCACGCCGAGATCA	1
TAACCGACGTCACCATGTGG	1
TCGGCAGGGATATCAAGGAG	1
GGGGCACGTTTTTAAGTATC	1
GCAGTCTACCTTGCAGTCTG	1
ATCCATACGAGCGGCTCCGA	1
TCTGTACTTCGCACGCCGTT	1
TAAGTCAGAGAAACGTCTGG	1
CGACGCCCATCCTTGTGTCC	1
ACAGCGGCGCTTGGTCGCTG	1
AGCAAAAAATTCAGAGAGTT	1
AATTGCCCGCATTCTCTTCC	1
ATATCTGTAAACGGTCATTC	1
TAGTTCAGAGATCTACCGTG	1
CGATGCCAGCGAGTGAGTTA	1
TCCTTCTTCTTATTATCTGT	1
ACTAATGATATGCCACATGT	1
TGGAGATCCATAGAGCTTGA	1
TCTGAGAACACGATGCTTGC	1
GTTACTCCTCACAACAGATT	1
GTTGTGGGTCGACTCACCCG	1
TACAAAATAGAAATATATTA	1
GCCGTGGGTATCACGCTTGA	1
CCGGTGCTTTGGAGCGGACG	1
AATTAGCCGCAAAAGTACTA	1
GGTTCCAGGACAACAGAATG	1
GGTTTTCGGTTCGGATATCG	1
AGCGAAGAACTGCGCACCCA	1
AATCCTATCCGCCTATATTG	1
TGTACCCGCGCGATCGAACG	1
TGATTTACAGCTGGACGGAG	1
GAAGAACTCGTGGCTTTCCT	1
ATAGTGCGGAGCGGAGCGGA	1
AACGAATTTATCTTGCGCTA	1
TCGGGCTTAAAACACTCGTC	1
CAACCATATGAAGGCCTTCT	1
CGTGGTTAATTTGCTCACTC	1
TCTGTTCCGAGTCGAAAACA	1
CCTCCGTACGCCCCTCGGAA	1
TCCATAACGCGTTAGATTAC	1
TCACATGCTACCTGTCACTA	1
AATTCCGTAATAAATCACAA	1
GCGCGTGCACGTCTAGCCAA	1
GCAGGTTAATGAACTACCAG	1
ATGTGTTACTCGTGGAATGA	1
TCCCGTTCATTTATGCTAGT	1
TGGATTCAAATCCGTTCAAT	1
TAGCAATTCAGAGTACGGGT	1
GCCCGAGTGCGCGGAGTAGT	1
TGCATCTTAATAGCTGTACG	1
ACAAGAGCATGCCACAGAGT	1
TCGTCCTTTGCAACATTGAG	1
TGGCTCATTGTGATCGCAAC	1
ATTGACGCTCTTACCATCTG	1
CGTGTGACCTTAAGTCAGGC	1
GGTAGCTGTCAGTTAACATT	1
AGACCCTCATGATCGTTTAC	1
CCAGAATCTGAGCCGACATC	1
GACGAGGAGCTTATTCGTTT	1
ATTCGCCAGCGCCAATATAC	1
ACAGTGCGACGATCAGTAGA	1
GCCCCGTCTGGGAGAAATTA	1
TTCGCTGCTTCTATCGGCAC	1
AACATGCTTGGGGTCGCCGC	1
ATTTCACTGCGATAGGCTGA	1
CACCCGGACGGGAGCTAACG	1
GTAAGGGATGACTGAAAGCT	1
AGATCTCTTCTGTACGCGAG	1
ACAATAAGATTAACTAAGGC	1
CACTAGCTTAAATGTCCTTA	1
ATCAACTCGCTCGTGTAGGT	1
CCGGGAAATGAAGCAGGAGT	1
AGTGCGAAATCGGAGTCAGC	1
GTTACTTTGAAGGCAGCTAA	1
ATGAAGGTACGTAGGTCTCC	1
CGTTCTCGAGTTATGTGTGA	1
GAGTGAACGTCATTCCTGGC	1
AGGTCGTAGGCAATCTTAGT	1
CGACCGAAGCCCCGGCCCTT	1
TAGTTCGCTCGAGGGTTCTT	1
ACGACCAAGTCTCGTACTAT	1
GCGTCAACGTGTAAGCTCAC	1
GGCCAAATAATGAGGCTGGA	1
AACCGCGCTGTCCCAATCCG	1
TCTTGCATGAAACAAAGCAT	1
TCCTCAACCTTACCTGATGT	1
TCTTATCATCCCGTTAATGC	1
GCTCAACGCGTCTTTTAGTC	1
CATTACCGCCATAACTAGTA	1
TCGAAAGATAGACATTCGCT	1
GCCACACCGCGGGGTATTTT	1
TTTTAGCTATTAGGCAGCGG	1
CATACCCTTCTCCGACTGTT	1
GTAGACGAACAGAAGACAAT	1
GCGGACGTACATTTGTGCAC	1
TAATCCGCACTCGCCTTCTA	1
AAGATATCACTAAGACTTAC	1
ATACCAGGCCACCATGTACC	1
TCGTCGGCATTGGCGCCTGA	1
CTGAACGTGCATCTTTCCGC	1
CGCAAAGGGGTGTTTATATA	1
AGCATAAAGTCCGAGGACGA	1
ATACCCCCCCCGTATTCATA	1
CACGGTTAAGAGTTGAGACG	1
GCACGCGAAAGAGTTGAAAA	1
ACATGCTCAGTACTCTCATG	1
CCGTAACTCTCCATCGAAAG	1
GGGATCTTGCTCACATTCCG	1
GTTTATACGATCTGGTCTTA	1
GTGCAGGCTTGGCTTCGAGC	1
AAACTATTCGTCCCCTAAGC	1
TAAGGGTTAACACATATATC	1
GTCACTGATTCCAATCTATG	1
CCTGCACCCGCAACCCTCGA	1
GCGTGGGCCTGCTATACACA	1
AAGGAGCCGGCTCGGCACGA	1
AATAAGCTAGCGAGCCATGG	1
GCCACCAATGCTTTCATGCC	1
TAAGGGTCGCAATGATATTT	1
TGGTGTACCACTACGCATGG	1
GTTCACTGATTCTCTATGGA	1
ATCATGGAGCGACCACCGCG	1
GTTGCATACGGGGACGGTGG	1
CGACAATTATATAGGGCTCT	1
TTCCAAGCGAGTCTGTGGAG	1
GGGCTCTGGGATGTGGCAAC	1
TTGCTCAGTTCGTATCGGGC	1
TGAGATCTCCCGGACTTCCT	1
GATTTTCCAGGTATGTAGCT	1
TAACCTCCATTGTTTACAGA	1
GGTGTCTCGGGACTCTATGC	1
CCGTTGATTCATGAAAATTG	1
CTATCGATGGACCAAGAAAA	1
GATGAAGCTGAGTGCATCGA	1
TTTGATCCGATTATACTTGC	1
GCAAGAGGAGCCTAAGTTGA	1
TGATGATGCAAAATAAGGTT	1
ACCCCCAGGCGCGTCCAGTC	1
CACTAGTCCCTGCCCTAGCG	1
GATCATTAGACCATTGGTTC	1
AGAGTAGGGCGTACCAGTCA	1
ACTATCTGGCAGTATGTATT	1
GCCCAGTTGGCATCTCATGA	1
CACCGCCATCGATAATAGCG	1
GACTCATGTTTGGGTTAGTC	1
ACGTGAGCGAGCGTCCCTAA	1
TAGCCCGTATAAAGGAATTA	1
GCTCCGAAGCTGTGCTTCAC	1
CCCAAGAAGTTCAGTAAACG	1
GCAAACGAACTATGCGCAGT	1
TGGTGAACCCAATTCAGAAC	1
TGTTCAAGCGTTACCCCAAA	1
TTTAAAGCGCGCTTCTCGCC	1
AAGTGCCGCGAAGATAGCAT	1
GGTTTACCTGTATCCGACCG	1
CCCTACCCACGAAGAATGAG	1
TGATCTGGGCTGGTCCTACT	1
CCCGTCTCACCCGCCTTCGA	1
TCTGTGATCCACAAGTCCAT	1
GTACGTGAGAGCAGGTTCGT	1
CCAAAAGCGCCCCGAATCCT	1
CGGAGGAACCACACTAAACT	1
CCATTCCATGGTTATGACAT	1
ATTGACCTGTGCCAGATACC	1
CTAATCTTGTAACTGGGGCG	1
CTTCACAACGTAAGGGTAGT	1
TAGACGCGCGAAGAGCTGCT	1
GAATTTGACCGAAGTACGAT	1
CGTTATAATAAAACCGTGAT	1
ATCAAACAGTCACTCACAAT	1
CTTTTTGGTAGGGGGCAATG	1
TATAGGTGGGTGGAGTTGAA	1
CAACGAAATGACCCGCTGTT	1
GTGTAACATCACGGAATATC	1
GCCTATAACTTGGCGCCCCT	1
AACAGGAACTTGTTTACTCC	1
GTAAGAGGGCTTAACACACC	1
ACCATGCAAGGCCGCAAACA	1
GACAGGCGGCGTCATATGGA	1
GGAACAGGAAGTTTACGGTA	1
GGTCTGCAGCAAGACCATAC	1
AAATTTCTGCTGGGAGTGAC	1
CGGATGATAGGTATTTGTGG	1
CGTTAACTGAATTGGCCAGG	1
CCTATTAAAGGTATCTTTAG	1
CCTTGCGTCAGTCGATCCAG	1
TCCCGGACCCCGCCATACGG	1
GCTGTATTCGCTTAATCAAT	1
TGTGATGGGTCGTATCGCGA	1
AGTCTACACTCGAGCGCCTG	1
GTTTTTAATCCCACTCGATA	1
GCGCGCTCGCCACTTGCCGT	1
AGCAACCAGGCGACGACTCC	1
CTCGATGAGGTCAGCCTTAC	1
TGGTAACGTCTTCTGGCTAA	1
TAAAATGCTAGTTTTTTTAG	1
TGTGGAGGAACTTGGCTCTG	1
CGCTCTGGGCCCAATGAGCC	1
GTAGTATCACAACAGGTGGG	1
ACTAGAAGTATACAGTCCCT	1
CGGGCGGCCATCATAATATC	1
ATTATCTGTAACGCCCCCAA	1
CGCCAATGTTATTTGAAAAG	1
ATGCGGTTCGCGCGCTTCAT	1
GGGATCGTTATTACGAATGA	1
ATAAACATCCTGTCTATTAA	1
CTTACACCATTAATCGAACA	1
TGCTCATCAATGGCTGGTTC	1
CCTGTATTTATACAGGTGCT	1
ATCCTCACTATAAGCCTCGA	1
GCACGCGGTGCTGCGCTCCC	1
TGTCGCGGGTTCAGCGTACT	1
CGAAGGTCGCTGCGAGCGAG	1
AAGGGCAACCCACAGTGATT	1
TCTCGTTCGTGGCCGTGTAT	1
CGACGCGCGACTCGCGCTGT	1
AAGTAAGTTGGTCCGTGGCG	1
GACGTTACGTTAATACATAA	1
CGTTCGATGGGATTGATCTA	1
TGGCTACGCTTACTCGAGAA	1
ACGAACTCCATAAAAACTAC	1
TAGCGAAGCAGACGTGACGA	1
TATTTGGAGTCATTAGTTCG	1
CAATGTTGCTGACTGAGAAT	1
TAGTTCGCCTAAGCTTAAGC	1
TACGTCAGGTTGGGCACCCC	1
TTTACTTGGCCCCCAGTGCT	1
AGTTACATGTAAAGACGGAT	1
CGTTTGAAGAAGCTGCCCTT	1
TGGTGGAGGTAAGCAGTGCA	1
TTGCCTGCGGAATGGTTAGT	1
TGCGTTCGGTTCTGCCATGC	1
TCTATTGCCTTATAGTTTAG	1
CGGGGGGTCAGTCCACGCTC	1
CGCTAGACCCGATTAATAGG	1
CTTCCAGTCGGCTCTGATTT	1
TGGTTAGCTTGGTTGTTCCA	1
TGGTCTCTTGATAAAACCCC	1
CGACGCTTCTATCGCGGGCC	1
TTTGAATACCACCCTGCGCG	1
CTTTTGAGCCACGTATCAGG	1
TTGCCCCAATTGGTCTCCTT	1
GCTCTTATTCCCGCCAAGTG	1
AAACCCGGATTGATCACGCA	1
ATGCGGTAGATTGATCTCGA	1
CCGTATGCCCCCATCCTCCA	1
TAACTTACTCAGAGTCCTGG	1
CAACTCTCCATAAGATAAAC	1
ACGTCCAAAATCGTGGCATT	1
AGGCGCGTTCAGATGTGACT	1
GGTTTGTTTAGTCAGAACGA	1
GTGTCGAGGTAGTGTACGGG	1
ATAGTGAATACCAGGGTAAT	1
ACCAGCAATAACCTGTCATA	1
TACATGCACACTACTCAAAA	1
GGACTCTGGTCCATCGTGGC	1
CACACACAAAAGACTAAACC	1
CGTAGCGTACGGACGTAAGC	1
AACGAGATGACTATGAACCA	1
GTTGATCAAGTGGATCATGC	1
ACATTCATGGGATCGCGCGC	1
TTGTGCCCCATAGCCCTCGC	1
AAATCTACTGCGGCGCTGCC	1
TTCCCAGTCCGATCCTGAAG	1
ACGGAATCGAGACTTGCCCC	1
CAATCTAAGCGGAATGGCGC	1
GACCCTGTTGTTAGCGGTCG	1
GTTTCGGGCTATTAAAGGGT	1
GCACAGGTTTATCAGTGGCT	1
GCGTCCTACTTATATTGCTG	1
TGATTAGTTTACTCTGGCCA	1
TTATCCCAACTATCGAGAGC	1
AGTCTTCGTGAGCATGTACT	1
TCCACCAGAATGCCCCCTCT	1
TTGACCTAGCCATTGTAGAG	1
CAAAAGGGCCTTTGCTGTGG	1
CTCCGCTTCTTAGGAAGCAA	1
CTCTAAGACGCCTTATCTCG	1
AGTCTGCAATACGCACCCAT	1
TTGAACGCCTGGACAACAGG	1
TTATGTGCCAGGGTTCATAT	1
ACAGTGACGGGCGTATCTGA	1
GACGTTGGTTTAAATTTACT	1
TCTGACGACGCGCCCGGTCC	1
CATGGAGTGCCGCATTGAGT	1
AGTTCAGGTACGCCTGATGG	1
ACTTTCGCTGTTCTTATATA	1
GGTACTGGTACAGAAGATTC	1
CTCGATCCTACCGATAGAAG	1
TGAATAAGGGGAAACTTAGA	1
TCGCGTACTACTGCAAAGTA	1
GCTGAAAGGGGTGCTTGAGC	1
CGTGGAGCTTAGGCAGATCT	1
AACATGGGATAGAAAAGCGT	1
TGTAGTCTGAAACAAAGATG	1
TAGATGACCTAAGAAGTGCG	1
ACGATGTTCATAGCGTGTCG	1
TGAAATTTGGCCGAAGAGAC	1
ACGACATTAGGGTAACTGAT	1
ATTCCGGCTCTGACAGACGA	1
CCTGTACCATGACTATCTGC	1
ACAATGTTGGTACGTGCCAT	1
TGCCTGGTATCACGTTGAAT	1
TACTGGGGCAGGCACAGCGG	1
GTGTGGGCAGCGGCGGAGTC	1
GCATCGAGCACATATACACA	1
CGATCGGATGGCTCAGCAAA	1
TTGGCAATTTCTAAATCTGG	1
ATAGGAGGGCCACACCGAAA	1
AGCTAGCCACATATTGGGTG	1
AAGATATGTGTATCCAAGTT	1
CTCCAGACGTAGGAGCCCGG	1
AGCAAGATCCATCACACCTG	1
CTTGCTACGAAACGCAGAGG	1
TTCTGGGGAGACAAAGAAAC	1
CGCCTTAGTGTTGGGGAAAT	1
GTGTGGGTACCGCGCTGGCC	1
TTCTATAATGTGCACGTGAT	1
GAATCCATATTCCTCAGTGG	1
GGTAGAGCAGATAGACGGGA	1
CTTGCACGATAGGCGGACCA	1
TCGCGTTCTTTTCCAATTCG	1
GCACCCGCACCTTCCAATGG	1
GATGGTTAGCGGACTTACAT	1
GTGGGTTGCAGTCGTATTAA	1
ACTCGCATCGTAGTATCGCG	1
TTCCACTTATAGTGTTCAGC	1
ATGTTGTTGAGAGGCCCTTT	1
TGCTTCTACTGTCACTCGTC	1
CCCAATTATCTGGCGAGGCG	1
ATGTCTATCACCGACTAGTA	1
ACCTTTGTCGCGCGGTATTA	1
GCCGATTCGACCCCATGTTT	1
GTGGAGGAAATCTTCGCAGA	1
CCGCGACACGTATATATTAA	1
AAAACACTCTATGGGCGACC	1
AGATGGTAGCTATATGGCCT	1
GTTCAAGTTCTCGCGGGTAT	1
GCTGGGAGATGGGACGGTCT	1
GTAAGGTTAAGCATTCGTTG	1
CAAGACCATAGCGCAAGTGG	1
ACAGTGTAGTTTGCTGCGGA	1
TTTGGAACGCTCACACGAAT	1
AAAGATGACCAGTTTCAGTC	1
TCGCGCCCACGGTGATTCTA	1
TGAGATTTAAAATGCATCTA	1
CTTGCAATCACCCTGGCAGT	1
GGTTATTACCGCTGTCTAAC	1
CTCCTAAGGTACATATTTTA	1
AGGCTCCAGGGCTCGACCGG	1
AACTATTTGTATACGGTTGC	1
GTGAGACTTATATACTCCGG	1
TAGCGCATAATGCGTGCAGG	1
AGTATCAGTATTCGAGAGTT	1
GTACTTGAAGGATCCGAATC	1
CCTGATATTTGACACTCACT	1
AAAGCTAAGGTTCTCTGTAA	1
AGAAAAGTCACACGCGTGGA	1
CTGATCACACTGCTCAGCTC	1
CCAAGAGTTCCACACCCTGA	1
AACAGCAAACAAACGATCTG	1
TTATTTTCCTGTCTGTGCCC	1
TGACTTTAAGCAGAATATAG	1
TTAATAACTCGGCTACAGAA	1
ACGCAGTCCAAAGTACGGAA	1
AAACTCGGGGGACCTGCACG	1
CAAGAATTTGTACCCTGTGC	1
TCAAGTCCCTAGATCAAGGT	1
TACGGCTGTTGCCTACAGCA	1
TTCCCCATTTAGAATAACGG	1
TGATGTATGGCAGAACGCGT	1
CAGGCAGCAGATTAAGGTAA	1
GATCTCTACATCCGTTGGGT	1
CTCTAGAAGCCCTGTGGGAA	1
CCCCCCGGTCGAAAGGCGCG	1
AGTACGCACAACTCATGCCG	1
TTGACTAGCTGCGGATTCTG	1
TTGGCTGGTAAAAGTCTGGG	1
ATTCTCAGAGGTGAAAACCC	1
CGCGGCCGCCACTGGCGGTC	1
GCCTTCGCGATGCACGGTGC	1
TACCGATATAGATGATCCCG	1
TGCAATGCCGACGAATCGTG	1
CGAGCCACGCTCTTTTTTTC	1
CGGGGCTGTCTTATATGTGC	1
TGCAGATCCTAGCTATGTCA	1
CGGTTATTGGATCTTTTGGG	1
GGTCGCGAGTTAGGGAAATT	1
ATTGCGTGAAGGAGAATCAT	1
GAGGGCATATTACACGACCA	1
GGTCCTACCGCTACAGCATC	1
AACAGTGAGCCGTGTAGGCA	1
ATTGCTACGGCCGCCACACG	1
TAAGCTACGGTGTGTCATAA	1
GCGACTTGGGGGACAATAAA	1
TGACTTGTGAGCCGATGGTA	1
TTAGTATATATCCCGAGCGG	1
CAACTTACAAGGCCAAGAAA	1
CATCGGATTGCTCGGCAGCT	1
TTGTGAGAGAGCAACGCGTT	1
ATAGATACTTGAACACAAAA	1
GATCTTGTAACGTTAGCGAA	1
ACGGATCGTATACATTCTGT	1
AGTAGAGACAACACGCTCTC	1
ACACCTCCCGAGTTAAGTAC	1
TACGTGACAACATAACTCAT	1
GGGTAAAACACACTCGGCAT	1
CTTAGTGACCATCTTCCCCG	1
TATGGAGGAGGGTCACGCAC	1
AAGGCGGGTACTTAGGCGGC	1
AAGCACGTATTTTGTAGGTT	1
CAAACAAAGAAGCGAGCCTC	1
CTAACAGATTATATCGTGTC	1
CGGTCTAGTCCCCCGGTCTA	1
TCCACAGGAACTCATTCTTT	1
TTCGATATCAGCAGGTCGAG	1
GTGGCGCCATTGGTTGGTAT	1
CGAGTCCATGCGGTACACCG	1
CCACGCAATCCAGCTATAAT	1
TCCACCACAGTCCCCGGTCC	1
CCGACGATTTACAAGCATGT	1
ACCATTCGGGTCGATTCCGT	1
CATACGCTCGCGTTTGGGCT	1
TACCCACCCAACAAGCCCTA	1
GCTAAACAGATACCCATTTC	1
AGCTTCGCTTGTAACAGGCA	1
GACGCTTAAAGACAAACGGA	1
GGAATATCTACAAAGTTGTC	1
GGAACCGTTTTAGTCACGCC	1
CGACTTAAGGATTGCTTGAT	1
ACTCCTCACGCCTCAATGAA	1
CGACAACCTGACTATAGCAC	1
TCCAGTATAAGATTTTCTGA	1
TAGGCATCATCGGGCAAGTC	1
TAGCCCAGCCTATAGGGCTG	1
TGTAGGTTCGCATTGATTGG	1
TTGGTTCTCTGATTTTTCAG	1
ATGCGTCTTTATCACCTCAA	1
TCCACTCGGAGCAGCTCCTA	1
TCAATAAACCTATCCACGAC	1
TATGATTAGCACGCTTCGGG	1
CGCCACCCAATGGTAGCGTA	1
TAAGCAAGCAATGGCCATCG	1
TTGTCTGCGCCCGCCGGACT	1
GCCTAGGTTCATCCAGTGTT	1
TAGACGGGGAAAAAGAGGTG	1
CTCGTGCTGATCTATAGACT	1
CAATTTATAGGTCCGCTCAG	1
TAATTGGAAGAGCGCTTTGG	1
CACCTGGCTTAGCCCTAGGG	1
CAGCGGTTAGCAAGGAAGAT	1
TATCCGTGTAAATTCTAAAC	1
TGACTATTCTCACGGGTCCC	1
TCCCTGCCCACTTCAAAGAT	1
ATTTGACACATTACAGAGTA	1
TTACAGATCTAAACGTGCAC	1
TCTTTGTAGAGTAGCAGACT	1
ACACCCCTTGACCATCACGT	1
TTACTATAGGGCAAGGAATC	1
CGTATATTGGCATCTGCGAG	1
TTCAGCCCTCAGTCGGTAGT	1
TTGGCCATAGATCGGTCCAA	1
AGATGGATTTCGAATGAGAA	1
CTGCTCTACCAACAAATAGG	1
TCCCGGATTGACGAGAACGC	1
ATTAACGTGATGTGCCCCGT	1
GGCTTTTGACACATGGTGTA	1
CGTACTCTCTCGTGATTGCC	1
ACAGTGTCTAATTATCTTAA	1
TGACTGAACTCCAGCGTAGT	1
CGTCCCTAAGAAGTGACTAT	1
TCCTTGAGCGCGTCGTGAAC	1
GTCGATCTTAAGCGTTATAC	1
GCCCCAGGACCCGCGACGCA	1
ATGGGATTCCCGAACGCGGC	1
GGAAAAATCCTCATAGTGTT	1
GAGCCAGGGGTATCCGTAGC	1
TAGCAATTGAACGCATGGGG	1
AATTTCGGAAAAATCAGGAA	1
TCCCGGCTAGTGGCTCTAAT	1
CTGGTGTGGTATCTTAGCCA	1
CTTAAAGTAGGGACCGCCTG	1
ATCGCAATGCGTCTCCGTCC	1
ATCAGTTACTCAGTGTAACT	1
ACGAGTCCGCCAGACCCAAT	1
GGAGCGACCCTTGAAAGATC	1
CTTGGCATGGGTGATGAACT	1
ATCAGCAAAAGTGGAGTAAT	1
CTCTGAGAGACCTTGTCTGA	1
CAGCCATACGGAGAAGCCCA	1
AAGCCTAGTGAATTTTGTAG	1
AAAATATTTGGCGCGTTATA	1
CGGACGATTTGACAGAGAGC	1
ACCCTAAATTGAAAACACGC	1
TGCCGGCCTGGCATACAAAT	1
TCAATGTGGTATGGACAAGA	1
TGGTTGCCCGGATGATGACG	1
TGAGTATAGCTAGTAGAAGG	1
CTATGTTTATCATGCCAGAG	1
ATCAGTACCGAATAGCTTAA	1
CGTTCAGCGGCATTAATTCC	1
TTATCCAAACCTAGGAGCTT	1
ACCGATCGTTGGATCCACGT	1
GTACACTTTTCGAAAGGCAG	1
AGTGTACAACTCCCAAGTGG	1
TTACTGTACGTCAAGAGAGG	1
GACAGAACAGTGTCGTATAT	1
CCCCGGTTGTTAGAAAAATA	1
GCGCAACAGGCGAATGAGTT	1
AGTCTTCCTGAGAACCTCGT	1
TGAGGGGCGACGGTACGCTT	1
TAGGAGGTCTGGAATACATA	1
GCGGCCGCAATACTCCTTTT	1
GACACCAGCGGCAAACGCAA	1
TCCGATTCGCTCTACTGATG	1
CAATGTGTCTCTACGACGCT	1
CTCTGGGTGAGCTTAGCCCG	1
ATCCTGAGGGGGGTGAGAGA	1
GGATCGTGCATGACGTCAGT	1
CCTGGTAATAAAGATGAGAT	1
GATTGCGTGGTCAGAGGCTG	1
ACCCTAGCTGCGGCTGACCA	1
ATAAAAGCAGATAAGTGAGC	1
GGGTGTGGGAATCTTTGGCG	1
GGGCTGAGAACTCTTAGATG	1
TATAAATGCTCGCTCGGGCG	1
TTCTGGTATCCATGGCTTGT	1
ACTCCTACGAACGGTTCGCA	1
GTCTATATCCCATCTTTCTC	1
CGCAGTACAATCCAAACGTG	1
CATAGGTATCTTCTTCCTTA	1
TAATTACGTATGAAGATGAT	1
CATAGTGGGGCCACCAGTAG	1
GGTCGTCAGCCCGCCCGATG	1
TTCGGGAGTGAGTTGGAATA	1
TAACGCTATTCTCCCAACAA	1
TTGGCCTATCATCGATCCAG	1
GTTGGCAAACAAAGTGGCAG	1
ACTTCAGAAGGTTAGGGCTA	1
GCCCACGATGAACGTGTTAC	1
ACGACACCTGTAGAGATACG	1
ACCGAGGATGCCCTCGCGGG	1
GACGAGGTCAAGGACGGTGG	1
TGCTGCAGAAGTTGGCACAG	1
TGTTCATCCGCACGCTTTCT	1
GGGCAGACACCTGCTGCTCT	1
ATTTTTGGGCATAAAGTGGC	1
CCCTACTCGAATTCAGTAAA	1
GGTGGGCGATTTCTCGCCTG	1
TCCCTATCTTGCCAGAATTA	1
TTTCTCGACACACTACCGTG	1
GCCGGCCAAAAATCAGCCAG	1
CTTAACGTGGATGCCGCACC	1
CCACGGAACATTGGTACTGC	1
TTCTGGAACCGGACTCTGAT	1
GCGCGACTATGAAGTTAAGC	1
GGCTGGGAGTTGCTCCCAGT	1
GGATGTGGCTTCTATTAGAT	1
TCCTTAGTAAAACCTCGGAA	1
ATGCAACCTGCTTAGCTACC	1
CGACAGTTTCAGTGCTAGTA	1
ATTGTCGAACCCCCCCCACA	1
TCAATCACAAGCTGTCTCAT	1
GCCGTTAGGGATCGGGAAGC	1
TTGTTGAGCAACTACGCGAA	1
CAGGGAATCGGGAGCACCGA	1
CGCGGGTGAGTATCCCTGGC	1
CACTTTCCTGATGTTCGCAT	1
CAGGATAGGTTCAATATATG	1
CCCCGTAGCACTCTGGACTA	1
CTGACATACTACGGTCGAAA	1
TCCAGGGTAAAAAGCACTGC	1
TTCCAATCCTGGACGATTTT	1
TCGTGGGCCCCCTTCTAGCG	1
CAAGACTTCTTGCCGCTTGG	1
CTGGCGGCAGTCATGGCTGC	1
ATGCTCTATTGACGTCTTAT	1
ATTGGTTTCGTAGCACTCGA	1
GTCGAAGTGGTAGGGTCCCA	1
TTGCACTAACAGCTAGGTAT	1
TTCGTACTAACGGGCTGTCT	1
AGGCACGGGTGTAATATTAG	1
CGCCACTCTAGCCTTAACTT	1
AGTGTGTTTATTCTCGTTGG	1
ATGAAAATCCTGATGTGATC	1
TCGGCTGTTTATGACTTTTA	1
TTCTCGATCTAATTCCTGAA	1
TAGGAGTCTTGCGTATTCGT	1
GCAGGCGTCCACAGTTAGGG	1
CGGCGAAAACACGATAGAGT	1
CGATGAACGTGTTAGAGACC	1
CAGCAGCTACATTAATCTAC	1
AGTCCAAGAATGGTTTGGTG	1
ACAAGGGATCACAAGTTCCG	1
CCGACAGTTGTCATATGATG	1
GAGCGACTACAGTGCACGTT	1
TGCAGTGTCCTGCGCTATGC	1
TAGTGATTTTAGAGATACCA	1
GGCGTCTGATTTCTCGTTAA	1
CTGACATGCAGGGGATACCA	1
TGGCTGATGGTCCCACATTG	1
CCTACTGGAGATCCCTCATG	1
GCATGTAACATCCGTGATTG	1
ACGTAGCCCCAAGAGGGGCG	1
AGTGCGATTTCTCTTAGCGC	1
CGGAGGGTCCGGATCTCGTC	1
CAAACGCTGGATCCTGACAG	1
CGAAGATTAAGCCCTTCGAT	1
CCAATGGTGATATAGGCCGT	1
TGTATAGTTTGGTTTATGTG	1
TACCAAGCATTTGTACGTGG	1
GATCGACCGGCCGAAGAATT	1
GTTCAGGAGTTAACCAAGCG	1
ATTAAAGCGGCTGAGAACTT	1
ATATTTTTGGGGTGACGCCG	1
AAGGCCAGAAAGGCTGGTTG	1
GGCCTACACGTAGCAACCAA	1
ACCACAGGGCCGACATGTGA	1
TTTCGACCCTGGTCTTCAGA	1
CACCCGCGCAACGTCGTGGG	1
AACTGTGACCTGACCCACTC	1
AGGAGCGACTCTTGTTCTTC	1
TGCTACATTGGCGCCAATAC	1
ATGTCACAAGTCGGGTGAAA	1
AACACTGGTGGAACGGATAA	1
AAAATCATGTATTCCCTTGG	1
CTGTACTGTATTCGTTTTTA	1
GTATGAACGTGACCCAGCTT	1
TATAATCCGGTCACATCCCA	1
GTTCATTGTCGACATGTAGG	1
AATCACAAGAGCATGCTGAT	1
CTCCTTCAATGGAATACATA	1
GTTAGTAATTCTGATTAATC	1
ACTAGGGGCCCGCGTACGTG	1
GTATCGACGCCTACGAATCT	1
CCAATGGAGCCGCCTTTCAA	1
ATAAAGTGGGCTTCCGATTG	1
GTCTTACATATTAATCAGAC	1
TGCAGACCTGAGTGATTCAA	1
GCAAACGTCCCCTAGCACAG	1
AAAGCGGATATCGTTACAAA	1
ATGTCAGTTGATCACTGCAC	1
TGGATTTTGTCCGTATGTAT	1
AAGCCCTTCATTATGTGATC	1
CGTGTTAAGCGTTATGGCGA	1
ATCGGATCACTCAACGGAAC	1
AATGTATCTCGATGACGCAC	1
GCCATAAGGTAGGTCCGACC	1
TCCATACAGTCGCGCAGACG	1
ATTGTCCACGGTGCGAATCT	1
ACCTCAGGTTGCTTGAAGTT	1
CCCTAGGCCGAGATCGTTAC	1
ATTTTGCCGAAGATCTCTTT	1
CGTGCCCTGTATCAAGTGCT	1
CGCGCTCCGTAACCCTCATG	1
CAATCACTGCGCTGCTTGAC	1
GGGCCCTGAAGAGTGCTGAT	1
GACATGCAGGGCCCGATCAT	1
GGTCCCAATCTAGCGTATTG	1
TGCCAAAGCCGATCAGGTTC	1
TCAGGGTACTAAAAATCAGC	1
CAAATGCGCTTTAATCACCC	1
AGCCGTTAGGTTATAGAGTA	1
TCAATGGGTATGAACTAGGT	1
ACAGGTATTATAAAGGCTGA	1
AATTAGGTAATAGTCTTTCG	1
ATAAATTGGCTAACTCTCAA	1
TGGGCGACTCTGCATGTGGA	1
ATAACGTTGCTTCCCTCCCT	1
GAACACCGGGCATACCCAGT	1
GTAGGCTTTCTTCTGTGAAT	1
ATCACTAGTCGCAGCCACTT	1
CGTAGTTGGAGCCATGTCCG	1
GATACTTACCGGGTAGGCGC	1
AACCCAACTGTAAGTCGAAT	1
TCCTTAAAGTAACAACAACG	1
GGACTGATAACAGGGTACTC	1
GGCTGACCGGTGTAAATATC	1
CGATATACACATGAGGCCAA	1
TCTTCCTAACAAGCGGCCAG	1
AAACGCGCACTGGCGAGGCC	1
GATGAATGCCAGTCCGGTGA	1
ATTTCAGACGACGCGGGCGG	1
GAATCGTCTATGGGGTAAAG	1
GTAGGCAGCTGTGCACGTAC	1
AGTGGCACCGTACTAACCCA	1
GTCGGTCTCTCATCACGGGT	1
ATGATGAAGCGGTGTTTCTG	1
GGACTTTATTCTGGGCGAAC	1
TTTTTTGGTTTAGTGGAACC	1
CTCACACCAAATGGATGCTC	1
TGTGATCATTGGCGGACGCA	1
ATAACGAAGCGGTATTAATC	1
ACTACTGATGTTATACAACC	1
ACGTTACGCAATGGCCCAAT	1
GCAGGTGTCCCACAATCAAC	1
CTAATTACCCGTCCCACTTT	1
AAAAATGACGCTCGACTGGG	1
CATGCTAAAGGCAGAAGCGA	1
ATTGTGCTAAGTGGAGGGAG	1
CGATCTAACGAGGTCTATAC	1
CCGTAGATCTTCCGACAAGA	1
CGGGGTTGACCTCCACGAGT	1
GTCCCCGCGGACGATCTGAC	1
TCGACACACGGCATACCGCG	1
ACAAGTTTATATCCAGATTG	1
CTATGAGTGTATGGAGCTAG	1
CACGCCGAGTCATTCTGCCA	1
TATCCGGGTTCTTAGTTAGG	1
CGTACCCCCCCCCTAAGGCA	1
ACAGGAGTGCGCGAGTCGTA	1
CAGCTAAAAATCGGAGCTTT	1
ATCGAGGAACGGCCCTTCGT	1
GATATTCTTTTCGCATCGAT	1
CCTCTGGCTGCGCTGCCGGT	1
GCTACGGCGCTGTAGTATCT	1
GCCGCGCGCCAGGTGCTTAA	1
CGGTAAGTCCATCAATATAT	1
ATCGAGACCTAGCATGCGGA	1
AGCGTCACATAAACGGGGGA	1
AAAATACTATCCTCGATCTG	1
GATTGTTATCCATGACGATG	1
TAGTAATATCTTCCTGATCC	1
TATCACGTCACAGGTGTCGT	1
TGATCGGGTGTCCCCCCCCA	1
ATAAAGACAACATTAGGAGG	1
GACTGGGCCTCCGAAGGGAC	1
AAGACCCATAATTTCGCGAA	1
AAAGAGCACCCTGTAACCGA	1
TTTGCCACATACCAAGGGAC	1
GTGGCAGGAAAAACCCTCAC	1
GGGGACATTCAACGCCTTCA	1
TGACGCGTTGTCCAATGCAT	1
TCCACTTTCGAGAACATCTT	1
ATTCAGTAGCTCCTTGCCCG	1
GAAAGATTCGCCCCCCTATA	1
CTTAAGTATAATCCGTATAT	1
ACACGTTATCACCAAATCTT	1
TTCCAAGCCGTCCGCCGGGT	1
AGTTATTCGTCCCACAGCGT	1
GATCTAGGCCTGGAATTATT	1
TTCAACAGAGTAACTCCGTA	1
AAGGCCGTAGGTAACCCTGT	1
ATTACACCCTCGGAGTCAGT	1
AATGGAGGCCAGGCCGATCT	1
AGATACGCCACCAGTGGTCG	1
CCTGTCAACACTCGAGCTTG	1
AGAGACGTTATTAATTCCCT	1
ACTGTGATTAAGAGGGGACA	1
TAAGGCGGAGGCTACCGTGG	1
CCCGGCAATTGAATCACAGA	1
TTACTAACATGCAATTTAGT	1
ATTGAAGTCGGACGGTTCCT	1
CCCGCCTCAAGTGTTGACCT	1
TGGCACCTCCGGTTGCAAGG	1
CCGTCGATCCGGAGGGCTGG	1
ATACCGCCCATTTTCTTTGA	1
GCCAGTTGACTGATACACGC	1
CATAACGAGGCTAGGTACGT	1
AGACAGGATCAGGGGTTGCT	1
AATATTAACTGCCGTTTTCA	1
TTAGCTCACAACGAGCCTAT	1
ACAGCGGGAAGCGGCTAATG	1
AGTGCAGGTTTAGTACGCCC	1
CACTCCATAAATATCTGAAA	1
GCCTTACGTTGGCGACACAT	1
CAGTCATTCCTCCATAGCGT	1
CTGGTCGTCGGGCTATGTCT	1
GTCCGAGTCAGCGGGGCTTA	1
CAAGGGCAAGGGGGCAGAAT	1
CTCCGGCTACCTCGCGAGTA	1
CAGCGGATATCCACCCGATG	1
AAATGCTAGTGACGGTTAGC	1
TACTAATGGCAAAGATCAAC	1
TCCAAGTGCACAGGATTTCC	1
AGTCGAGTGCACAGTGCTCC	1
CAATCACTTGGATGGTTCGC	1
ATGTTAATTTTAGAAAGGGA	1
AAGTGCCTGGTGGCGGTGCA	1
CTGTAAACGCCTCAGCATCT	1
TTGTCTTAATAATTATCCAC	1
TGGACTTACTGATTAAAAGG	1
TAAGGCTAAACTCACGACCA	1
CCCCTCGGAAGTCTTAAACA	1
TGCTGGTAGCGCGACACGTG	1
CTTTGCGTCATGAAAGAATA	1
AAAGTCAGCTCTTACATGTT	1
GCCTGTATGTCTCGGTACAA	1
GATGCCATCCTGAGATAGTA	1
TACAGTTATGACCCCGCCGA	1
TTCTGATGTGGCTTCAACGA	1
GCGAGCTTGCATCATATCCA	1
CTAAGAAGTTCGGTTTACGA	1
TCTATAGCAGTTAGTAGGAC	1
TCCCAACATAAATTGGAATA	1
AAGGGGCTACTCAAGTAAAC	1
GCAGGCAGAAGGCTGGGCCA	1
TGGCTATTTGGGATTGGATC	1
CTTGAAATATCTACTAATAT	1
GCCCTGCGAAACGTCTGATG	1
CGAGGCGGTTGTCTTCTCTG	1
GGTAACTTAGTTGAGTACAT	1
GTTAGGGCAATATAAATACG	1
CGTTCGGTTAAGACTTTGCT	1
ACGCGCGCACTCCGTGAACA	1
CTGGCGCGATAGGGTTTTAT	1
ATGATCGGGCGCAGTAATAG	1
TTCGCTCCACAATGTTACCG	1
GTCAGGTGGAAGGGTCGCTA	1
GCAAAGCGCACAATCCAACC	1
TTAGAGGTGCCAAACGCCTC	1
TGCGGCAGACGCTGATCCTA	1
CCTACGTTGCGCGTCCGCGA	1
GGACGCGAACCTGAAGGGTA	1
TCTGGTGGCGTGGAGGTCAC	1
TGTTGGCCTCAATAGGTGAA	1
TCCATATACGGACTACAAGT	1
TGGTATTCTGCCTCAAGGGC	1
GCCCCGATTTTGACACCAGC	1
CTGCCCATCATATTATCGCC	1
GCTTGCACCTCGCGCGTCGC	1
GCAGAGCTGCATGCATCAGC	1
GACGTGTTTAAGAGGCATAA	1
GAAACCATAGGGCCCGCATT	1
GAGCAGATGCTCCCGAGGCG	1
TCGAGCTTACGATCGGATTG	1
ACACCAATGCAGCCAGTCAA	1
AGGGGGGGCAGCGTCCGCAT	1
CAGCACAGATACTTTTCTCA	1
CCCAAAGTCATGATAAGGTA	1
CATGATGATGGCCCATCATC	1
TCCGGCCCATCGCGACCGAA	1
CGGGTTAGCTTAGACTTAAC	1
TCACTCGGCGGTTCGGCGTA	1
GGTCCACACTGTCACCCTTC	1
ACACCGCTAAGTATTGCTTC	1
ACGTGCTAGGAAGCGTTGGA	1
TAACGTACATATAGCGCATT	1
CTACTGTGACAGGATAGTTT	1
TGCTGTCACAGAGAAAGCTT	1
TTGATGCCGCTCCGATCATA	1
TGCTCTAGTGGTCGAGGTTA	1
GGATCAACAACCCTTCCACT	1
TTGGGAGTAATTCTTTGAAT	1
ACCAGACAGAACTAAGTGAC	1
CAGTATTAGCATCCGCTAGG	1
CGCTAGAGTAAACTCCTACC	1
GTGAATGTCTGTGGAAGCCA	1
CCTCGCAAAGGGCGGTATAG	1
CACATCTCACGGGGGCTGAG	1
CTTCCGGGTCGGGGGATCCT	1
TCGTCTGCCCTCTCCGTGCG	1
AGCGTCTAGGAACTGGACAA	1
GATAAAGTTTGAAGCTTCGA	1
CAACTCTCGGAGGAAATGCG	1
CAATAGCGACATCGTCGTTT	1
TGTGTAAACTATCTATCATT	1
GGCTCCGGCATCTTTCAGGA	1
GCTTTCCAGCGCAGCCGCGG	1
AGCGTACAATTCGACCGGCG	1
CCTCCAGTCTGATCAGGTGC	1
ATTAGTGGCAAACGTTGACG	1
CATACAACGCTATCATAGTG	1
GAACGACAGGTGGGATAGGC	1
AGGACCTCTAATTGCGGCAG	1
TTGAGGCACTTGCCATCGCA	1
GCCCGCACCCCGCAGTCCTC	1
CCCTTCTTTGGGTTACTCTT	1
AATCCCACCGAAGCCTCATC	1
CCATGGGCCCGGATATGATT	1
AGACGTCGAATGCTAAGGGT	1
TCGAACTGAACCCCCCAAAG	1
CAATATAGGCTTACACAAAA	1
CTATCATAGCACCGACCATT	1
CAGCCTTGTTCTTGAGGTTA	1
TTACGAGTCAAGCATCGTGT	1
TGGCGGAGGGGGACCTAGTA	1
CAAGCCACTACATCCAAACG	1
TCGGTATTCTTCCTAACGCG	1
ACTAAGACCGTTAGTAGGAT	1
GGCCATTGCCAAACCTCAAA	1
ATGAAAACCTGATAAGAATT	1
CCGATAAGCCATGGCATTTT	1
TTTTTGTCTTCATATACTGA	1
TGCTCCAATTTGTGATTGAT	1
GCTGTACCTATTCGTCATCT	1
TGGGCCGCTTGAACATTGCC	1
GGTCTAGAATCCAACCGGAT	1
CTGAAAACCGGTAGCCCTGA	1
TGATTCCCCCAAAGCCGTTT	1
CCTCGGGCTACTTCGTGTGG	1
ACCAGCTTGCTCTTGGACCA	1
GACCGGAATATCGATGCGTA	1
ACGCGTGTTACCCAGCATTT	1
CACCTCTCTATACGTGCCAT	1
GGTACAGTTTTACCGCATGG	1
CCGAAAAAGAACTAATGGGC	1
CGCATGGTTTGATTCCCTGA	1
GAGGCCGTATCGTCACTACC	1
CCGTAGATTACAGGCAGAGC	1
TACTGAGTAGAAAGTTGAAC	1
GCCATTGCACTTTGGCGGCC	1
AGAGAGGAGAGACCCCGTAT	1
CGTGTCCCTCTTCTAGGCGT	1
TGCACGACCCCTGAGCCCAG	1
GACCTTCAGATGCTGGTAAA	1
TTGCGTGGATTCCGATATCG	1
GCGACTACAGCTCTTACGCC	1
ACGAGGGCAAGAGCATACTT	1
ATCCAGTGTAAAACCTTAGT	1
AAGATGTACGCACGTCTGCC	1
GTAGAAGAGAGTAGACTCTC	1
AATGGGCTTTTCATGGGACT	1
CTAGTCGGCGTCTGGTCATT	1
CTGTAGTTCCCGGGCAAGGA	1
AATTTTCTCTAGTCTAACCC	1
TAAACAATCTAGGGCGACCT	1
GGTGTGGTGTGCCTATTGTG	1
GTATCGTAATCCCGGCCTAA	1
AAACTAGTAAGTTGTATAGA	1
TAACCAAACAGGTCTTAACT	1
TGGTAGCTAAGCGGTATCTG	1
TAGGTCCCTACCTATAATCA	1
CTTCATTTCGACGGCCTCGT	1
GATCGGGTATACTTACCGTC	1
GCTCTAGATTAACGTCAAGG	1
TACCTTACGAAGTAGAGCAC	1
AATATGCGTTTTTCGCTAAC	1
TTGGTGTTTAAGGTACAGAC	1
ACCCACGGCGGAGCGCTAAA	1
TGGCTAAGCTGATAGATGGA	1
TCACCCCACAGGAAAGAGGA	1
GTCTACCTACGCACTGTAAA	1
ACCTTTGGGCGCGCCGATTC	1
CTTGCTGTATGCGACATGTA	1
AGGTTACCCGGATTGTGTAT	1
GTTGAATTGCCATAATTGAG	1
GCAGATGGAATTAGACAATT	1
ATTCTGTCGCCTTAAAGAAG	1
GACTCTCCCATGGAGATAAA	1
GTTGTAATACCCTTTAGTAG	1
GGCCCTCGTTGGAGTCACAT	1
AATGACGTAATTATGAACGT	1
TTACGACCATTTTGGTTGAG	1
TGACCAGCCTGCGGTGACAT	1
AGGACCACGCCATGCCACCC	1
TTTTTCGTATATTATCGAAG	1
ACCGCCAGCGACAACGCAAC	1
TACGACCAGAAGATATGACC	1
GGATACAGGTTAATGCGGGG	1
TGCTTTTGCTATCCCACAAA	1
GAGAGGACCTTTGCCGTGGC	1
TATATATACTTTTTTAGCCG	1
TGCGTTGCCGCGGTCTCAGC	1
CCTTTGGCATGATACCACAG	1
CAACTCGTCAGGTCGTTTGG	1
ACATAGAGTGTTGCCACTAG	1
AGTGGTGTAAGGCGCGTCCA	1
GTGCGGCTCCTTGAATTTCG	1
CAGCGGCATGAGGTGTTCGG	1
AAGAACTCCAAAAACTAGAT	1
TCCACGCGTCCAGGTTGTGG	1
ACGTAGGTGTACTCTGATAG	1
GTACTTAGGCCACACGACGT	1
GTGGCGACTGTTGCTGGAAG	1
CGAGTTCAAGGTAATTCCGC	1
TGCATGTTAGGATATCATGA	1
GTGTCGTCGGCATAATATGG	1
TTTTTGCTCAAGCACTCCAT	1
GTGACTCAGAATTTACTGAC	1
CTAGTCACGCCCGCGATGAT	1
CGACCCCCGACGGACTCTAA	1
AAAGAGTCTGGGTTCTCCAT	1
CGGTTCGGTACTGTAAGGTC	1
GTACTAACCAGTGTCCGGAA	1
TCTAGTTTGGTGATCTAGTG	1
CCGCTGTCTAACATGTCTGC	1
AATACACAAGAGTCTCTTAA	1
CACTCTGTTGCCTATATTCC	1
CGCGCGTTCTAGCGATCTGC	1
AAATGCTTGGCTGAGGCTCC	1
ATGTAGGTATTCACACTCAA	1
CATAATGGAACTCTTCTCTC	1
GGCCGTTTACACGACCACGA	1
ACCTACAGCAGGCTAGGGGA	1
GCCAGTGGAGACATTCCAAC	1
CGTAAGCCGAAAGATGCTGC	1
TCAGGACGCTGGCATCGACT	1
CGAGCCTCCCGTTCAGTTTT	1
ACGGCAACACACATTCTATC	1
ACACTATTGCCAGCCATAAG	1
CGAGATTATGCCAGAGGTAC	1
GAAGTAGCCGTCAACAATCC	1
TGAGTGGAGGGAGGACCGCT	1
GTGGACTTAAACACTCCAGG	1
CTACAGTGACCAATTTGTAA	1
TGACCTTTGTTGCATGAGAA	1
GGTCTAATTGGGTCCGCGGT	1
ATCGCTCGACTACCGAAGGC	1
CTTTTTTATGCTTGCACCTA	1
GCAGGCTGTTGGTCGCTACG	1
TTCGCGGTAGCCATCCGCAG	1
ATTTATCCCGCGCTGAGCGG	1
TTGATGCCGGCTCTCTGCTG	1
GTTTGCTAAAAGTCCGTTGC	1
ACCCGGGCGAGAGGTGAGTA	1
CTACACCGCATATGCGAATA	1
AACAAGTTCAGGCTGGTTAC	1
GTCTTAAATCATGGTTTTGT	1
TTCAAACAGGGTTGCTAGAA	1
CGCCTTTAGGTACGACTGCC	1
TTTCTTTCGCCGTGCATCTG	1
CATGGGTGGGATGATCCTGC	1
CTTCACCGGGCACGGGCGTG	1
CCCATAACGGCGTCAGTACT	1
TGGGGAGAAAACCGTCCGAG	1
TCCGTGTTGTTGAAATCCCA	1
TCGGCCGTCTACTGACCGAC	1
ACGTGAGTACGATTATCGCC	1
CAACACTTGTTCTCTTAGAA	1
AACCCGGCTGGAGATTCGTT	1
CGGCAAACGAGCCGAAACTT	1
AGTCAGTTTGTGCACCCTCT	1
TCGTACCTGGACTCAGCCAA	1
GAAAATTAAGCTTACCAACT	1
TGAGCACGACTGATTGAGTC	1
CATGAGGGGCTATTGTTTTC	1
GCTTCACAAGGGGCCTCGTT	1
GCTTCACTTCCATTTGAATG	1
TTTGCTGTTGCAGGGATCTA	1
GCAACCATAAAGCAGACGGA	1
CACGCGCGAAGAAGAAGCAG	1
CATACCAACCGGCAAACACT	1
TACGGGCACTCCATCCGCAA	1
GCATCACTTAATGCCCTCCC	1
CTAAGTCTACACATGGGAGC	1
TTTGGCGCAAGATCCTGGGC	1
GTAAGTAGTTTACCCGATGC	1
TAACAGTCAGCCGCATCTGT	1
TTAGCCACAACGACTAGTGA	1
TCCGGTAGTAATTTGTCGTC	1
TTGATACGAACCTCTTTACG	1
CGTACATCTTAAGAGTGATA	1
GGCCGGGGTTCTAGCGTTGG	1
TCAACTTCCAAGTCACCAAG	1
GATGTTTTATTGCTATAAGT	1
AAGGGACCATGTAGATCCCC	1
GGAGCAGCGGGGCTACAAAA	1
GCATTCTCGGCCTGAAGGAT	1
ACTAAAGTATACTCTGCCCA	1
ATATTCTATACCTTCAATCC	1
AAAGGCTGATAGGCTCGCTA	1
TTCATTATTGGACACGCCGC	1
GTGTATTTTTCGGCACAGAG	1
CTTAAAGTGTCGGCGAACCT	1
GAATGACTGAGCACCCGTAG	1
TGACATCGTGTGACGATGCA	1
CTGGTATAGTTCCAAGAGTA	1
TTCAGTGTTCCGCATTAGTA	1
TGTATTATCTGAGGAAACAT	1
TGAGGCTCACGCCAGTTCTG	1
AGTCCCGGGGAACCGGCCCC	1
CGCAGATTCCAACGTAACGC	1
CACCGAATAATACCTCGAGT	1
TTACCTTTGTCCTTAAGTCC	1
TGCGGAACCCTTCATCCAGC	1
ATCGTAGTAGTGTCTAGCCT	1
TGGGGGAACCAGTACTCCGT	1
ACCTCTTTGCCACCACATCA	1
CGGTGGTGTCAACGGCGCCA	1
CAACGTAGATCAACATGATC	1
CGTGCCCAGTTAATTCTGTG	1
AATAACATGTACTCTAGCGG	1
ACGTTAGCCACGTGCAAACG	1
GGACTCCGCGGGTCTCACCC	1
AGAGTAAGTTTGCTATGCAC	1
AGGCTTGTGTGTCTTTTACG	1
ACCCATGGCTGGTCAACTGT	1
TAACCATCCTACCATGCACC	1
AACTACTCCCCGGGACGGAC	1
TCTGTCGAGCGTATGCTAGC	1
TGACCCATGTTCAATCGCCC	1
GGCCAACGCCCCTCTTAGGA	1
GCAAAATACCGATGGGGTTA	1
TACACATTGCGCGAGGCCTT	1
CTCTATGTCCTTGTACAGAC	1
GTGGGACAAGAAGACCTAAG	1
TTTAATTTACCTGTTCTCTA	1
ACGGCAATACTCACTCTAGT	1
TAATTGTTTCCAATCAACTG	1
CTTTATTGCCACCTTCATCG	1
CTAGGGTATAGGACTTATTA	1
GGTATACATGGACCTATGTC	1
GGAACCCTCGGTCTACTGTG	1
GGAGAAGCCTAGAGGGACAC	1
GATTGCCTACATAATTTAGC	1
CGAAACCCGTGGTGCGTATA	1
GGAGTGCCCAATAGCTACAG	1
CCTAGTGCAATCCGTAGCTT	1
CGACCTGCGATCACTTTGAT	1
CCAATGATCCTTCAGCACGC	1
CGCTCCTCCCCCAACCAGGG	1
TATCCGTAGAGCCTGTCTCA	1
TTCCTTGGTAATCCAAGATG	1
TACATCTACACACATGGCGA	1
ATTACGTATCTGACGTGGAT	1
GGTTCGTAAGTCTCTAGACC	1
ACACGTAATCGAAGCACGAA	1
CGTGCATTTACTAAGTAGTG	1
CCAGGCTCTAATCTAGCCAA	1
GTCCCCTGGTTTTCTCGGTC	1
CCTTGTTAAGACTTGATGGG	1
CTATGTTTTCCACTGTTATG	1
TCCCCGGTGATTTGTTTCCC	1
TTCGATGTGATTACTAACAG	1
GACTGGGTTGCGCAATAAGC	1
GCTGCTTCGCCCCCTGCTAG	1
CACGCTCCTGTCGACCCACG	1
TGTTTTTGCCTTGTCGCATT	1
TTCCGGGATTAACCACTCAT	1
GCTCCTAGCAGGCGGCTTAG	1
CTTGGTTGTTGCAACAATTA	1
GCGAATTCACTACAAGATGC	1
TCAGGTCCGGGGCCAATACT	1
TCGAAGACGTTGGAGTGTCA	1
CATGCCCCCTAGCTAGCCAC	1
TACTTCTCGAGCGCTATTGC	1
TTACAGTGCTAGAATGCAGC	1
TCCTTAGTCTATGTGTTGAC	1
GTACAGTTCGACACGCACCA	1
TACCATTAGACTCTGCTATT	1
GGTTCCAACCATTTTTGCCA	1
GATGCGGTTAGTCTGACTAC	1
TAACGGCCAAACACACATAC	1
CCACTCTCTTGCGTTCTGTA	1
CAGACGACAACCCCATGGGC	1
GAGATATATATAACCAGTTT	1
GATGGTACAATCCGTTAACC	1
TGGGTCTACGTGGCCAACGT	1
TAACCCACGATCTATTTCCT	1
AGACATCACTGCGCTATTTG	1
AATAGAGGGGGGGGGAAGCT	1
GAAGCATTTGAAGGCCTGGA	1
CGTGCTATAAACTATGAGGT	1
CACCGTCCATCGTTGTTATG	1
GCGACGTCGGGCTCTCACGA	1
GCTTATGCAGCCCGAGGGTG	1
CTACGTTCTTTCGACTCTAT	1
ACGCTTGACTGGGGTCTTGT	1
TTGGATAGGGTTCTGGATGT	1
ACCCAGGCGACCCCTCTCCC	1
AGGGGGGTTAGTCGCTCGAC	1
CCGTAAACCGGTTCGCGAAA	1
ATCATCGGAAAGTTACTCAT	1
GAACAAACATGTGCGACCGG	1
AAGATAGGAACCGGTGTCTG	1
GTTCCGCCCTAAAGCGCCTA	1
CGCACCTACAGTAGCGTCAT	1
CCAGCTACAAAGGGTATATG	1
TCATGATAAGGCAAATCCCC	1
TGAGTGTTGATTTACCCGAC	1
ACATTAGAACTGGTCAAATG	1
CTCGCTAGTCAGCCCCCGAT	1
GGTTCAGAGATGCGGCAAAA	1
TATTAAAGGGCCTAAAGGCA	1
ATTGACTGTGCTTCGTAGGT	1
CGCGTTAAATTGGGTTTTTC	1
GAATGACCTCGTTAAACGTG	1
CGTCATCCGATTCCGAGCAA	1
AAAAAATGGATCGTAGGCTT	1
GATGCCGAAAACGACGCCTG	1
GTTCTCCGTGGTCAACTGTG	1
AAGAAGTTATCGTTAAGTTA	1
AATCTGGGCAGAGTATCTTC	1
GTATTGTTGTACTCTAACCG	1
TAGGATTTATCAACACAAAA	1
GAGGGTCAGCTGGGGAAGGC	1
CAGATATGACTAATGAACCC	1
ATTTAGAAGGGAGACTTTGC	1
AAAAATTGGATAAACCAGGT	1
TTTACCTTTTGGAGCAGTGC	1
CGTGTTTCCGTCAGTACCGG	1
TCCTGCACTCTGGAGAATAA	1
GGGCTACGTGGCGAATATCG	1
GTCATAGTCACCTCTGCGCA	1
TGGAGAAGCGTCCACTCTGC	1
GGGAAATCGCATTAGCTAGT	1
ATCTAAGTAGCTCCTGCCCA	1
ACGGGACCGTTCAAGGGCCA	1
GTATATAGATAGAAGCATTA	1
GTTGCCAGCGCCCATTCTAT	1
TAATTTTTTCTCCACACTCA	1
CTATAGTTCAACAAGCGTAG	1
GTCCTCTGGAGAGTACGCGT	1
ACGAACAATTATTTAATGAG	1
AGCTTATATGCCTCAACTTA	1
GCCCTAGGACGCTTGTCCTG	1
TAAACTCGAACACGCCCGGT	1
ATATAGCCAGTACGAATCGG	1
AATGCGCTTAACTGATAAGC	1
CAGACGACACGCACGCCTTA	1
CAACACTTGTAAATCCTTGT	1
ACTCCACTTCATCGCATACA	1
TACAGCTAGGTTACTGCTGT	1
GGAATGCCCATAAAGCATAA	1
CCAATCGTGTCTTTGAGCAC	1
CCTGAATGTCGTCGCGAGAC	1
GACGGATAAGAACCCATTGC	1
GGCCAACACAAAGGCGACGT	1
CTTGGACGAACAGTCAGCCC	1
ATAGTTGAAAACGAATTAGG	1
GGACTTTATGCACGTCCGTA	1
TCCCAGGTTGTATCGGCACG	1
CCGTCCGGGACGCTGACGAA	1
TGGCTCCTAGCATCTCAAAA	1
TGGACCCAGGGACTCACCTA	1
ATATCATTTAACTAGGAACC	1
GCATAAATCGCCTACTATAC	1
AAACACCCCAACCGTTGAGA	1
AGGGGATGATTTAAAAGCTG	1
CTCTCCCCGCGTGATAGGAC	1
ACGTAAGGTATACTTGTGCT	1
AGGATCTTGGTGGTTGCCTG	1
CGGCTTATACCCACTAACCT	1
AAAGTAACTTCCAGAATGTC	1
AGTCCGGCTTACATAGACTC	1
ACAGGAGGCGACACAGCCCC	1
ATTAAGAGACAGAACCGGTC	1
ACCCACGATTTTATACTATC	1
CTAACCCTTCAGGGGTATGC	1
GAGGCCCGTGCGCCTGGTTC	1
CCTGACCGCGACGACGCTTT	1
ATGCACATTTAGTATTTAAA	1
TTACCACCAGTTTCATACCA	1
CGTTCGTGACCACGCTGACC	1
TGGGCGCCTCCTCAGATGGA	1
CTCTAGCTCCCTGACTAGTG	1
TAAGGCCCCTTGTTGGTACA	1
ATGCTTGGGCTCTACCAATA	1
TGTACGCACGGAAAAGAACG	1
TCAGCCCTCCGGCTGTAGAC	1
TTATTTCAAGCAAAGTGTCA	1
AACGAAAGCTCTGGCTAGCT	1
GCGCGTCCGCGTGGTGTATT	1
TCTTATTCTTGGACTTGTTC	1
CCTGTACCGGTCTGGCTTTA	1
ACCCACCTTTCGTACCGGAG	1
CGATAACCTTCGCCGACCGG	1
GACTGAAGGGGATATGCCAG	1
AGTCATCGCGCCACCGACCA	1
TGAAAATTATGAGATCTAAG	1
CGCGCGCCTCTACGCAGTAA	1
TCGGTCCCAGTGAGGTGCAA	1
TAATCGGAATTGAACGGAAC	1
CAACATTAGGAGCCTCGGAC	1
AAAGGTCCGTAGGGGAGGCA	1
ACATCCGAGGTTTGTAGTAG	1
CCTATGGTGCGCTTTCTTAT	1
ACAGGATCCAGCGGCCAGTC	1
GGCCGGGCGAAGCTATACCC	1
AGGCGAAGCTCCGGTTAGAA	1
ATGCGCCCCCGACTCTGAGT	1
CGATTGAGCCGAAGTGAAGT	1
CACCGACTGAGCTCTTATGA	1
CTGAGAATCGATACGTTCTG	1
GGGTAGAATTGTTAGACATT	1
AAGCGTCGCTCAATCTCATG	1
TGAAGTCACGCTGGGTCCGC	1
GACTCGGGGAGCACTAAGCT	1
TTCTGCTAAGCGCGCGGGGC	1
AGGTGGAGCTCATCACCTTG	1
TTGCGGGCAGGTATATGAAA	1
CGTCTACAATCAGTCAGGAG	1
CCCCGAGTGACGCCTCCACG	1
GCAATGCGTTTCGGTCCCGA	1
TCACAGACTGCCCATTTCGC	1
GATCCAACCTGGTGCGGACG	1
TGAGGCCGATAAGTTTGACG	1
GTCCACAAAGAGTACAGGCC	1
ATCCGATCGAACCTCTGAGC	1
AGCGGCATGCCCAAAACTGA	1
GCCGCTGATTTTACTAATGG	1
AGAGGGCGGTGGCAACCGAC	1
GGAGTTGAAGGAAGAGAGTA	1
ACGTGTGATTCAGCAATCCT	1
AATGACTGCTTTTGCAATTC	1
CTCTTGGTCTCACCAGGGCG	1
ATATCGCTTGTTATATAGAG	1
CTGGGAGTTGCGCACGGCCT	1
TTTTTAAAAGGTTATACCGC	1
CCGTGGGCCGCTCACATTGA	1
GTCTCGTTATCAAGCGACCC	1
GCTGTATCTGTTGAGCCGCT	1
CTGTGTAGTAAGTCTAGGCC	1
CTGCATGGGCGACGGGCTCG	1
CACGGGACATCTCCTGAAAC	1
ATGCCGTCGGCAGGTTGTTT	1
CTGGCTTTACATCGACCGAT	1
TAATTCTATCGAACCCCCGT	1
CGTAGGTTCTGTCACGATTC	1
TGGACCTTCCACGCATTAAA	1
TAAAACGAAGTCACACCGTT	1
TTTCGAATGGCTTAGAACAA	1
TAAGGCGACAGCATTGTGTG	1
ACACCTGCCACGGATAGCCT	1
CGGTCACACACTGGGGACTC	1
CTATCTCAAGACCATATGGG	1
TCCGCGAGGAACCCCACTCC	1
TCGAATAGCGCCTCCATTTG	1
ACCTTGTAGTCCTCGTGCCA	1
GATGGGATGTTTCGCGGCTT	1
ATGCCAGCCATCCATCCGGT	1
AGGGATGTATCTTCCTCCTA	1
CACTTTCATTTGTAAGGTTA	1
CTGGGGACTGTCCCATATAT	1
TCGGTTCCAATAACTAGAAG	1
CTTGCCTCCGTTTTCCACGC	1
CGGTTGACTACACGTATGCG	1
TATCAGATGCTGTCTTCTGG	1
GCCGCAGCCGTATTCGGGAC	1
AGAGCGTTTACCTGTCTTGA	1
GTGGCGATTGTTAAACAGAT	1
GCTTATTTATCCAGCGCCCG	1
TAACAGCCTGACATGAAATT	1
ATAGTCCTGGACGGTCTTTG	1
GCTCCTCGGGGTAAGATTGC	1
GTTGGAACACAACCATCGGT	1
CACGTGACTCACAGCGTAAC	1
ACCAGCCATCCCTTACGAGT	1
TCGACAATGACTCCTCAAGT	1
CAGCGCGGGAAGGGTATTAC	1
GTCCATGTGGTAGCACGGGA	1
GCGCAGTCATCACCTTAAGT	1
CTCTGAATGTAAGATCTTGG	1
TATACCTAGATTTACTTGCT	1
ATCTATGGGGGACGACAAAA	1
AAATATTCGAAGCCAGCGAC	1
TCCCCACTATCATGAAATTG	1
TCTTAACACCTTTCAGAACA	1
TGGGGGCAAAGGGAATTGGC	1
AGGTACCTATCTTGACGATT	1
ACGTTGTCTAATACCTGGCT	1
GCTATAATGAGGATTTTAGA	1
GGAGGCATAGCCGTAACTTC	1
GCATATGAGAAGCCCTGCCG	1
AACCTCCATGCTATGCTTTC	1
CTACTGGGTGGTCGGAGGGG	1
CAGGCGACTATACACATTGT	1
TAAGGTCCCACCCCCAGCTG	1
CATCGCGGGATTTAGTTTAA	1
GGAAATTGTCGTCATGTTTC	1
GGGGGCGTAGCACACTCTTG	1
ACGAGCGATTCTCGTGGAAT	1
CAAGCTGGCAATATTGCGAT	1
CTTGATTCTCTGACTGGGCC	1
TAACCCTATAATTGTAGCTT	1
GACCGAAGAAGCCAGGACCA	1
GTGCCATGCCGCTGGTGGAA	1
TTAGAATACACAGTGCAATG	1
TAGCGCGGCATAGATTAAAC	1
ATTTAATAGTGGAGATTATG	1
TTACGGGTCAAAAGGTAATT	1
AACCACTTCCGACAACAAAA	1
GGCTCTGCGCACTCAGTCCC	1
GACTTTTGGTTTAAATTGAA	1
AGAGGCAGAACTTTTAAGAG	1
AAGACTAACGGAACTTCTTA	1
TAGCTAGTCGACCCAGCGTG	1
ACCGCTTACAACGCAATGGT	1
GACACTCGGCGCATTGGCAA	1
GATTGGTCGCATATCATTCA	1
CAGTGGTTAACGGTGCTCAT	1
ACGTATGTCATTGTCTACTT	1
CAACTTTTCCCGCATTTACA	1
GGGTGGGGGCGCAATTAACA	1
AAAGCCGTCAGGCTCCACGG	1
GGCTAACTTTATGGATGCCA	1
GACAGCTAACATGGAGCTCA	1
ACTGGCCGGCGTCGGGTAGA	1
CGAGTAGAAGTCTACCCAGG	1
TTAGCTCAGATTGGGTCGTG	1
GAGATTCTTAGGACGCTTCC	1
ACGGGCTGTCGAATCAACTA	1
ATTTACCCATCATATGGCGG	1
CCAGACGCAGCCGGTCTCTA	1
AGTAGATAGGAAATAAATGT	1
TACGATCTTACCTGAGGTCT	1
CTGGGCGGCCTTCTGGGTTC	1
TGTTCAGCGCGCCAGTAACC	1
TAACCTTTCGCCGATGCGCC	1
CTGTGTTGCCGATGCGCCAA	1
ATCAATGATTCGGTACGTAC	1
TGATTCCTAGATTTTCATAA	1
GCTCGGTCCGGCGCTTCCGC	1
CTCGGGTAATTTATGACCAA	1
TTTGCATTCGGAGAATAATG	1
TATTATTGGGTCTCAAGGGC	1
ATGGAAAAATCCGTCTCCGA	1
GGAGCAGTGAGTCAGTTCAC	1
AAACAGGGGACTTCCCAAGT	1
TTGCCGTGATAATACATCCC	1
TTGGCCTAATAGAATCAAAT	1
CGGTTGAGCTCACTTTGGTT	1
CAAATGGGATTGGCGGCAAT	1
TAACAAGGACTCCCGATGGC	1
TATGTCTGACACACACTAAC	1
AATAGTAAACAGTCAGATGG	1
ATTCAGATCGTGTCATAATC	1
TAAGCCGTGTTGATCATGTA	1
AACACGCGGATCCGGGGAGT	1
GCAAATCTATCTAAGCCTAT	1
AAATTCAAGTCATGGCCCTC	1
AGCTCGGGATAGGGCGGAGG	1
AACTTACACTATCTAAGCAC	1
GAATTAGAGATACCGTCCCC	1
AAAGTATTGTAAGCTCGTTT	1
GGGTAATGGTACTTCGTGGA	1
ACCAAGGGCCGTCCGGGATG	1
CCTTCCGCATGAAAGCGTCT	1
AAGAATACTTAAGAAAGACT	1
ACGAAACCCCCCACGGCACA	1
CCCCGGCCAGTGCCCCAGTA	1
ACCCGACGCCCTTTGGATCG	1
TTTACTCCTCCTCGTTTTTC	1
CTGAGATCTCCACTATCGAC	1
ACCCTACTGAGCCGCAGCCC	1
GGAAGTGAAACATCAATCTA	1
CTTCAGAGCCGGCCCGATGA	1
GACTTAAAGCGGCTAAGCTC	1
CTGAGGTAGGGACCATTATA	1
TGAGAATGTACCTTAAACCT	1
GTTCTAGCCTATAGCACATC	1
AACTCTCTGCTCGCGAATCA	1
ACGGTGTCCCCTACTCGGGC	1
ACTGTTCGTTCGCAAATTTC	1
CTTTGATTATCAGTACAGGG	1
GACCTTCTCGTTCGAGTCGA	1
GTTTTGTCGGCACACACCGG	1
CGACATTGGTGACACGAATC	1
TAGGTGTGCGAGTAACACGG	1
TCTTGTCTAATCACCGACAT	1
GTCGTGGTAGGGCGTTTTCC	1
GGGTGGGCCCAAGACTTATT	1
TAGAAAGTGGGACCGAGGCA	1
GCCGTATAATTGCGATTTAA	1
GTTCGATCGCGTCCCCCCTC	1
ATCTAAAACCCAAACGAACT	1
CTTAGTTGAAGCATTATTTT	1
GTCCGGCCACAATACTTTTA	1
TATACTCCTAACCCTCGAAA	1
CTTGATATCAGCGTAGCACA	1
GTGGCTCGTGCGACGGTACC	1
ACTCCGAGGGTAGCCAATCG	1
TCAGGCGGCAACTAGCAAGA	1
TTGAATCAATTTATTACTGC	1
TCAGATAGATTTTCCCTAAG	1
TCGCGTGACCAGGAACTACC	1
GATCCTAACTGGTCAGGTGT	1
CGCCGTGGACACGTTCCAGT	1
CTTTGATAGCAACTGCAGCC	1
TTATAGCGCCGTATATTCCG	1
GGCGTCACATAACCATAATA	1
CGAACAACCTTTTATCAAAC	1
AGGAGCGCGCTGAATGAACT	1
AGTATGGGGAGAACTGAACC	1
CGGTCCTACCGGCGGAGAGC	1
CAGAAAGCCCAAACATCCAA	1
ATAATATTTACAGTACCTGT	1
ATTCGGTACCACTATCCTGG	1
ATAGACACGCACGGCGACAG	1
GGAAAACGGGTGCCCCCCAT	1
TTTCAATTATTAACGACCGA	1
ATTAAGGGTCACTGTTCGTC	1
AATTTCTGACATGGCTTTCG	1
ACCACCTGGCTAAAGGTGTT	1
CCTGGCCCTCGAGCATGCCC	1
CGCGGGCTGTATGATTTCTT	1
GAGGCATCGGAGTTACGAGT	1
CCGATTTGAGTGGATGGGAA	1
GCGCGGGTTGTCCACTGCGG	1
TCAGACTCCCGGCGAAAGTC	1
GGTCGCCTCGTGCCGGAATT	1
GCAACCGGTTTTAAAGGTCA	1
TTGCGGCAGTAGCCACACCG	1
GCTGGAGCCTTTGCGTACAG	1
ACTTATTATCAGGAACTCAG	1
CCCCGTCAGCAGACTAGGTG	1
CCGGTGACCCAGAATGTGTC	1
GGGTCGTCGGTAATTCCAGC	1
TTGACGACATGCTTGAAATC	1
TAAATAGACACACGCAGGGC	1
AACCCATACTCTCTGCCCAC	1
ACGAGATTCAAGGCTATCTG	1
CCGCAGTCAGGTGTCAAATT	1
CGCGTCTATCCTGTGCGCGC	1
GGAGGTGTACCCGCACGATA	1
GTACTTTACTAATAAAAATC	1
GTAGCTGACCTCGGCCGCAT	1
CTGTTCTGCAGTGGTACCAC	1
AATCTGGGTGTAGTTCAAAT	1
AACGGCTCTTGGTCATCTTT	1
GCGTAGCTTCCAAATTCCGG	1
GTGATATACGATTTCGGATG	1
CGTTGGCTTCCGGAGGTGGA	1
GCCCCAGCCAGAGAGGCCCT	1
GTGCGATACTGACGACCCCT	1
CCTACCACTCTTTGAACATA	1
ATCATTCCTATTAGGCTGCC	1
CATGGTCGTGATTGAGTCGA	1
TGATCCCAATCCATATTGTT	1
CTTGTGTATTACAGGCGAAA	1
AGGATTTTCATCAGACGACT	1
TAGGCCAATAACTAAAGGCA	1
TGGGCGTTATATTTGTCCGT	1
ATAGAGCACGACCCAAACGT	1
TAACATATTCATTACCTGTT	1
CTAAACGTTGTAGTACTGGC	1
AGGGCCGAAAGAGGACTCGG	1
CGAATTTATAGTTCGTGACG	1
CCGTGTGTCGGGGCCTATGA	1
GAATAACTAACCGATGACTC	1
GGACCAAATTCCTGCCAAGA	1
CTGTCCCGAGGGCGCGAGTA	1
AGTTTGTAGGCTACTCTAGA	1
GAGACGAGAGTCATGGGCCC	1
AGTTTACGCTAGGAGCGAGC	1
TAATCCTAAAGTGAGAGATA	1
TTAATTGCAGTACCTGACCC	1
AACTATTATATTGTAGGGTC	1
GTCGAAACCGACACGCTGCT	1
TGGTACGGCGTGGAACGGGC	1
ATGCGGATCTTGACTAGGAA	1
ATTGGTACAGTACGAGCATA	1
TTACTGGAATTGTGAGAGGC	1
TCCGCCAAGTTATGCGTGCC	1
ATAGGTGTTGCCAACAGGAG	1
GTGTCATGAGATCTATGGGG	1
ACGTGGATTGGTACCATCAA	1
TAGGGCTGGCGCCCGTAGAG	1
CAGAGTACCGGTGGCTCGGC	1
CCGGCAAGCTACACCTGAAT	1
TGATATTATGAATGAAGCAT	1
GAGAGACAGTTCATCCTCAT	1
TGCACTGTCGGGAATTGCGG	1
CCCTGTGTGATCCGAGCGGG	1
GGAAACAGGCTCTTCTTCCG	1
CCTTTGCCCAGCGGGACATG	1
GTGGATATCAAATTCAACTT	1
TAATTAGGCAGACATGCATG	1
TTTTTTTATGTACCTCGATC	1
TAGGCGGGCACTCATGCTCA	1
ACTTCTGAGTAGACAGGAAA	1
GCCAACAAGCATTGCATGAG	1
CAAGTGCTGATTGAATGTCG	1
CCGTAGGTGTGTTGAGGAGA	1
GCAATTGTAATAGCATCGTC	1
GTTGATTGAGTAGGAAAGGA	1
CGCGCGTTAAGTTTGCATGC	1
CACTAAGTGCTAGCATGCTA	1
TCCTTGGCACTAGATACCCG	1
ATCCGCTAGGCAGCTGTGCC	1
TCGGATCTGACCCGTGGGCG	1
TTTTCAAGGACATAAAAATG	1
TAGCTAGCCATCGATAGGTA	1
GCTCATGGGGCAAGGCGCTT	1
ATTGAGGAACGACTGTCTTC	1
GAAGTTACTCGGACTCGCTT	1
TACTCTCTGGACATGTGACG	1
TCTAACCATCTAGATCTTCA	1
GGTTGCTCTGCCGCGGGTCT	1
CCGCCCAGTTTCCATTAGTT	1
GCTGTATGTCGGGCTTACGT	1
TAATCACATGTCGCTCAGCC	1
ATACATCCCGCCCTGGTGTG	1
ATGGCGTAAAATGAATCCAG	1
AGGTCAGATGTCCGTCCGCG	1
TTCGACTGAACGCATTTAAC	1
CTGCCTGATTGGCCGATCCA	1
GTCTGCCATTCTTCCCTTTA	1
TTGCGCGCCTCCCATCGGGA	1
TCGAAACTTCGTCTCCAACA	1
TGGGACCTCTAGGCGCCCAG	1
CTCCCTTTCTTTCCCCCCTG	1
GCACTCCAACACCGTGGGAC	1
ACTATTTCTCTTTTGGGCAA	1
CATGCAGGCTACTCGGCTGT	1
ACACCAGGTTCACGGGTGCC	1
GAATACAGAAGACTCGGTCG	1
CGGGGTCTCGTAAACAACTC	1
ACACCGGTCGATTACGACCA	1
TTAATAACGTCTGCGCCGCC	1
CATCAGTATTTGGGACGTAA	1
GCGCCTATGCAGCGTAAAGA	1
CTTTTCGCCTATCAGAGTAC	1
GATAATAATCTTATCCATCT	1
AGGCAGATGAGTGAGTCGGC	1
TCCGAAATAAAGCGTCATGG	1
GCAAAAGTTACGAGATTTGT	1
AATGCTAGCCATTGCGATTG	1
AATTAATGCAAGCTCGATGG	1
CAGGAAGTACCCCCTAAGCT	1
GGATGTTATTGACGACTCAG	1
CTCTACCGCACGACGATAAC	1
GAAGACACAGGGAGAGTACT	1
GAAAAGCGAGGAAGAACTTT	1
CTAAGAAGGTGGGGTAAGAA	1
GATTAACGCTGTGACAACAA	1
GAGATCAGGACCCGTGCCTA	1
CCCGTTTTAATTTGAGTGGT	1
GTCGCCCGGTTCGATGAGCC	1
GAAACCCTAATTACATTATC	1
TTAACCCATTATCTGTCAGA	1
AGTTTCGCCTCTTAGAGTCA	1
TACGTGGAGCGAGGGATGAG	1
ACGATGGCCTGCCTTGGCTG	1
GTGATCTTTACGCACCTCTA	1
CAGAGTTGCCTTGAACCAGA	1
CCTTAATGGCCAAAGTCATT	1
AGGCCCGACACGCGGATCCG	1
GAGAGCCAAACGTACGCGGA	1
GCCTGTTTGCCTTCGTCGGA	1
TCGGATCAGTCCGCGAGACT	1
GCGTTGTTGCGATCCTTCGA	1
AGCTCCCCCCGGGAGCTATC	1
CCCTACATAATTTACTCCCA	1
CTATACGGAGTCTCGTTTAT	1
GACTGAGGCGTCGTCGTGGA	1
AGGCCGCGGAAGTCATGCCG	1
CGAGCCGGTATTCATTACTA	1
TTAAAAGGGGGCATCAAACA	1
TACTAGTTTCGTCGCATAGG	1
TAAGTTAGTGTATAACGGAT	1
TACTCGGCTGCAATGCTCGG	1
GGTTTTAGAGTGCCAAGTAT	1
GGAGCGTAGTCGCGTGTTGA	1
CCATACATGTATCCCTCTTA	1
AAATGTGCAATCGTTACGCT	1
TTCGGTCATGCCGCGAGAGG	1
GTAATCGCACCTGGTCTCAC	1
TTTTGTCAAAGTTTCCTATT	1
CTTTCACGTGTCCTAAATTC	1
CGGGTTGACCTTACGCCGTT	1
GCCGCGTGCCAGGGTAAGGT	1
CTACGTGAGATTCATCATTA	1
TGGGTATTAGCGATTGTAGT	1
GAGTGGATCTGAATGGATTC	1
CTCCACTTCGAGCTCATTCT	1
AGTGTAACTAGATACAACAA	1
GGCGTACGGAAGAATAATAA	1
GATCATTTCAACAACGTGAC	1
CTCTAGACAACTGCCGGGAT	1
GGTACCACCCCGCTGGAAGT	1
AACAGTCCCTGATATTCTTG	1
CATACAACACCAGCAAACGC	1
GTTCATAAAAAAATATTCAT	1
TCGATATGGCGGAGATTATT	1
TGCCTATAAATACGCGTTTT	1
TAAATGCGGAGCACGCTGTG	1
AATCCCGCCACACTATCATC	1
GTCCTGTGTCCACTTAGGGT	1
GGGCAAGCCGAACGCCTTCT	1
CTTCGCCTCATTCCACCTTC	1
CACGATCCCTGCCCTTTCCA	1
TATCGGGCGGGATACTTCTT	1
TGGAACTTAGGGCGTTGGTA	1
GCATTGGGGTGCAACTTTAC	1
CCTAATCCTACATAGGCTCA	1
TCTTAGACGCCCATGATCGG	1
CCTTTTGCACTTCAGACCAG	1
TTCGCAGTGATAACCTCTCA	1
CCTAAGAACGACTAAGTGAC	1
CTGGACGAGGTTAATTTTAG	1
GTCGACTCCTCTACGCAAAC	1
TCAGGGGCGTAATTCGATGG	1
TCGACACATATCGTGTAGAC	1
CTCTACAAGGTAAAAGGCTC	1
GATGTAGCCTGGCATTTTAT	1
ATGCGAGCGAACCGGTTCTT	1
GTTTCCTTCTCCCCGTTTTC	1
AACCTAGTCAACAAGACTTT	1
CTTTCTACACCCCGCGCACG	1
AAGTATACACCTTCGGGATG	1
GGTGCTCCATGAGCCGCTGC	1
CGCCTTACAAATAAAACTAT	1
CCGCGTAATCGGTTGGGGTA	1
TTTGACACGCGGTCTCTAAT	1
AGCTTGCGGTACGGAGGATT	1
TCCACACGTATCAAGAATGC	1
GTCGTAATGCCTGCCTCTGA	1
CCGTAATCGTCTACCCACCT	1
GTGATTAGATTGGCGACAGG	1
GCAAAGCTGACGGCTATGGC	1
AGTATAGGGTCGTCTTGTGA	1
GTGATGATCTACTTGCGCGA	1
ACGACGTCAGGTAATTCTAT	1
ATACGAGTCAGGAGCAATGG	1
ACCCACCGCGCGATGACATC	1
TAGGATACAATGTGAATGCC	1
GCACGGCCCTCGGCTGCCTG	1
TCATAGGGCAACCGTGGACT	1
TTGCCCGGCGCTACGTATAG	1
ATGGCCAACAACGCTAGAAA	1
CACAATTGGCAAGCTTTATG	1
TAACACGCGGTAGGACTCCA	1
ATCCCAAGAAGCTCGATACA	1
ATGATGTCGCTGATATTCCC	1
TAAAACTATAGCGACCGAAC	1
TGTGAATACTCGCACAAGCC	1
CCTCGCTGTACCCCCTATCA	1
CACACTCAACCGAGGCTTCA	1
AGCCATCTGATGCGTAAGTG	1
CCAGTAAGGCGATACAGTTC	1
TCTTGACAAGTGTATAAATC	1
CTTTGAGGCTACTCCGTCAC	1
CTGTACGCGGACACGACATA	1
CGGGGTGGCTCGCCGCGTAT	1
CCCGCCATCGCAGGCGGAAT	1
CTCAATTATAATTGGTCGCA	1
GGTGCGAGTTGAGCCTAATC	1
TTTGGCGGGCTAAGATCCAA	1
GGATAATTGAAAGAAGACGG	1
TCATCGTCCTGACAATGCGA	1
CCGAGTTTCATACGTGGAGA	1
CTTGGCAAAGAGCCCACGTA	1
GGCCGACACCGAAAATTCCC	1
GGGTGCTTGGTGTAGGCCAC	1
CATTATACCGCAGTGGTTAA	1
GTTCTGACGCCTAGGCTTTA	1
CCCTCTTAGTATCCATCACT	1
TTTAATCTCTAGATGTTAAA	1
CTAACTTTAACTACGGCAAC	1
CCCAGCTTTTTTCAAAAATT	1
ACGAATTGTTTGCCTCAGGT	1
CCTTCATGACGGCAAGGCGC	1
ACAGGTGTGTGAGATGTACG	1
ATCCTTAGCAAGACATGTTC	1
CTGGGTGAATACCCAATAGT	1
TACTGTTGCGGATTACTAAT	1
CTACGTACGCAGCGTATCAA	1
TGCTTATCCCCTCGTCCGGT	1
GCGATCGCCTACTAAAAAGC	1
TGAGCGGGGGACATAAAGAC	1
GTGGCTTCTCGTGTGTTAGC	1
ATGGTCGACGGGGCATGTAG	1
AGAAAACGGAGGAGCCTAAA	1
TCAACTGGATCCATTAAGCT	1
ACTCGTAGACTAACCTCCTT	1
GGGTCTGAGCAATCGAAGAC	1
TGGCGGCTCTGCTCCATCCT	1
CCTGAACTCTGTTCCCACTG	1
ACGAACCCTGACCCAACATC	1
GGGAGACCGCGAGCATCCGG	1
TAATTAGTTGCCCGGTGGAT	1
CTTAGGCGCTGATGGATACC	1
CGGCGTCGGGATACCAAAGG	1
GTGTTGTCTCGTTCTACAGG	1
TCATCCGTCAAAAGGCTACG	1
GATCCCCGGGAAATGAACGG	1
GGCATCCTCAAATGCTGCCC	1
CCTATGCGAGTCCTATGGAG	1
CCTGCGGCTGGAATCTTGTC	1
TTCCCTGAAGGTTGTACGAC	1
GGCTTCAGCGAAGGCGGTCA	1
AGGAAATAAGTAAAATCTCC	1
TCGGTCATAATTTACCGCGG	1
CCGAGGAGGGCCAGGGGCCT	1
ATCGACTTAGAAGTTTCCTA	1
CGAGACGGACCCGTGGGACC	1
GAAAAGATCGTTTAACTAAA	1
TATCTAACAAAGGCAGTCGG	1
AAGGCAGCGCTTTTGTGAAA	1
AAGAGTGTGGTCATGGACAC	1
GCGTTGGGTCATCCTGTTTT	1
TCAAATGCCCTATGCCAACA	1
CACGGTTACAGAGCGACCTT	1
AGGCAAGTTGCGAAGGTTCG	1
ATGGCGTTTGTTCGGACGGG	1
CCTCCTGTCAATTCCTGATG	1
CTTATGTCCCTAAGTAGGAC	1
AGAAAGCGACTAACACAATA	1
ATTACAACTGTGCAGTTCGC	1
AAAGAAATGGGATCAATCCA	1
CGTTTTATTGATAAGCGTTT	1
ATGTTCCATTTTACACAAAA	1
GAATTAATTAGTTGCCCCAG	1
TCCTCCGTCAATAACAAGCG	1
TGTAGATTCCCCTAATACTC	1
TAACAACCTAGGTGCGGTAG	1
AATCTATTCGCAAGGCAATA	1
AACCCCACAGGATGTTCGTA	1
CGTAGAGAGACACCGTGGCA	1
CGAATCTGCTTCACATAAGC	1
GGGTACTTCCAACCTGGTCG	1
GTAGGCCACGGGTGGGCATG	1
CAAAAATATTAGTGTGCTAT	1
CTTTGGTTCTGGACGCGTAA	1
GTCCCACCTTATATGGTGTC	1
CACCTGTTCATCTCACGTAA	1
TCTACTCACGGATCCGAGGA	1
GTATCTACGCTCGAGTGCGT	1
TTATACCCTTCCAGGACGCA	1
ACCTCTTCGCGCTCAGACCG	1
TCATTGGGCCGACTTTAATT	1
AATGACTCTGGACTATGTCT	1
TCTACGACAACATACCCGGT	1
ATAACGTAGTTATTAGTCAT	1
CTAACATGGGTATACGATAA	1
GTGGATTGCTAGCCATGAAT	1
TGCTTGAGGTAACTGGTACC	1
GGGACACCGCGACTCCTCCC	1
CCTAATAGCGGAGTTTGACA	1
AATTGAATCGCGGCGCCTTT	1
CCTTCGCCGCTTAACCCGTT	1
CAGCGAGGATCGGAAAAGAG	1
TGGCGGTCCTCAATCCCTCC	1
GGGCTGCTTCGCCGGCTAGA	1
CGCTTTCCCTGTCCGAGCGC	1
CAAGTCTCGGACTCAAGAAT	1
CCTTCATGTAATCGTAAGTG	1
CTCTGCAGACTCGTGCGTCA	1
CCGGCGCCAAGACACCTTTT	1
GATAGTGGAATATTCTCTTT	1
GTGGAAATCTTGAATGGATA	1
CGTTCTAGGGCGATATTGCG	1
CCCTACGACACCCGCCCCTT	1
GGAGGTAGAGCCGCTACCTT	1
CTGACAAGCTCACTACTCCT	1
GAGTTGACATTGGTAACCGT	1
CACTGGTGTGTGATGCAGCA	1
AGGCAGTAAACCTCCTTAAG	1
ACGACACTGGCCTTACGTTA	1
GAGACCCACCCCCAGACTGT	1
ACGTGCCCTAAGCAGCTTTA	1
TACACCGTCTCTCCGGGACG	1
CCCTTGGCCGCACTCGCTGA	1
CCACCCGAATGTCAATCGGG	1
TGTAAGGAATGATCTTCTTC	1
CATTTTCCGTCCCCGGAGCC	1
TAATGGCAGTTTACATACAC	1
CACCTGACCCATCATTTCAA	1
TAATTGAACATCCCCGTGCG	1
AGGTATGCCGTCCTGTACTT	1
TGTCAACTCACAGTGCGCTC	1
CTTGGCATTTGCGCTGAAAT	1
AACTTCATGGTCTACGGGGC	1
AATGGACCTTTGTGAACTGA	1
CAACGCCAAGCTCCTGTTCG	1
CGGCATAATCGAGCCTTCTC	1
CCTCCACAGAGCAAGTTTAT	1
TTTGGTCGGACAGCGTCGTC	1
AGATGGAATATATTCTTAAA	1
GGGCATTACTTATGCGGGTC	1
AGCAATCGTCCGACGTCACA	1
AGCGGCGAGCATTAGGAAAC	1
GGAGCTGTACCACTAAAAAC	1
CAAACGCTATCACAGACTCC	1
GAACCACAACGGGCCACGAT	1
TGCCGTCTTAACCGAGATAA	1
CGTGGGGTACTGGGGCCCAG	1
ATGGTCCTGCCTGTGCTATG	1
CGGTCACCGTCGTCCGAGGT	1
AGTTCCAAGACATACAGGTG	1
TATGCGGACTAAGTCGTATG	1
TTTCCCACCCATGCCCGTCT	1
TATCGGGCTCACTCTTCAGT	1
AAACTTGACTAAGAATTTTG	1
ACATTTGCGCCCGTGAGGGT	1
CCTGTCTTCCCCAGAGTGAC	1
ATATATTTTTTGTGGGTTGT	1
GAATTTGGAGATTACGATCC	1
AAGTGCGAGACATGCGCAAC	1
GTGGAGATCACAGCCGAGAT	1
TTCCCAGGTATCAAACTTCG	1
CTAGGTGTAAAGGTACTAAA	1
ATTACCAGTCGGTAAAAACC	1
ACGTTCTCGGCACCAGCTCG	1
ACATGCTTGCCCGCTCCAGC	1
ACGCGAACGTTCACTCAGTC	1
GGTAAGCAGCCTGAACCGGT	1
ACGAGTATGTCAGACGATGG	1
TTTTCCATTTGAGACCCCAG	1
AGCTATACCACCGTAGCCAC	1
TCCAGACTCGCACATACGTA	1
AAGAATCCTTAGTCAAATAT	1
CGTCGGAACCAACGGAAATA	1
TTCGGCTAGAGGGTCGCCGA	1
ACCTTCGACACGACTACCCA	1
CACGGCCCCGTAGACGTTTT	1
GTGATGCGACGTCACGGTAT	1
TGATCACTGAAAATCATGCA	1
GAAGGATAGTAGCGCTATGC	1
TGGTCCTCAGGCCGTTACGC	1
GGGAAGCCAGAAGGCTCGAC	1
GGTAGCATTACGAATAACTT	1
GTTGAGGCCTGTCCTACGGA	1
AGGGCTTGTAACAATAAGTT	1
CTTTTTTGAAGAGCTAGCTG	1
CTCGGCTGAACTGCAAGCTA	1
CTGAAGGCTCGACTTAGTGA	1
GAGCAAATGTGACTTTGGGC	1
ATGCTAGTCCCGCGACACTT	1
CGTACTCGATTGGGTGTTTA	1
GCCCTCCTGAGGCTCTGGAG	1
GCGAATTCCTCGATACCGTG	1
ACATGTGTAGTTAGCTCCGG	1
GGCACCTACGCCGCTTATGC	1
TCGCGTGTACCGGAGTATTC	1
GCGATGGTACAACGCAGTGA	1
GGAACTGTCGTTCGCGCCAT	1
TCTCGTAACGGCCAAATCGG	1
CCACACAATAAGCGCGCTCG	1
AAACAATCGAAGTTGCCTCA	1
ACGCCCATACAACGCCCGGA	1
GACGATACGCGCACCACGTT	1
CGCGCACCGACAACGTCTCC	1
TACTACTGGATAAGTTGTAA	1
CGCTTCGGATACCGAGGTTC	1
CCGACAATTACACAGGGTCC	1
GAATCCAATCTGGTGACGAG	1
GCGTCGCGGTAAAGATACTT	1
TTATGCAACTAGCTAGGCGT	1
AAACACATTCTACAACACAT	1
TCCTACCTGAAACTTGTTGA	1
GCAACACTTATTCCAGCCCC	1
GTTTGGTTTCGACTGTTTAC	1
AAACAAAATGTTGTCAGTTG	1
CCGAGCGCGTTGTCCGAAGA	1
CCATGGGTCTTTTCACGATG	1
GAGCGGAAGGGGATCTAATA	1
ATTCTCAATAGGACCACGGG	1
AATACTAGAAAGCCTAGGGA	1
AATCCTTAGAGTCAACAGCG	1
CAAGAGCGTTCCAGCCTGTA	1
CACTTCCGCGAATTAGCCAA	1
ACAGCACGTCCTGGTGAGTG	1
ACCGTGCCGACTAACCGGTT	1
TGCTCAATGGTTGCCTCGTC	1
ATTTGCAACTAGGAGGGTCA	1
CAAAGACCCGTTCCTGGAGT	1
CGGGATTTGCCGGCTCAAGT	1
CTTGGAAGGAGCGACAGGGC	1
CCGCAGGGGTAATATGAATC	1
GTGCGCAATTGCAGGTTCCT	1
CCTTTGAAAGGACCCTCGAC	1
GACTTTAAGTGATATCGAGG	1
GATATCCTATACCCGGCTCA	1
TTGGTCTAGACAGCCCTTTG	1
ACGACTTCACGCCGGTGGCG	1
AGCGTCGCCAAGTAGTGTCT	1
TAACTGCGGTCCTAATCAGC	1
CGTAAATGGTCGTATCCTCG	1
ATTCCACTCGATAGGCCCTA	1
CCGCACCCGGAGTCCTCCGC	1
AAAGGGCGAAAACCTGGGAG	1
TTGACGTATGGTGTGCGTAT	1
CCTTTATGGTGCCTCAGGCT	1
AATATACATTGAATGTTCAT	1
AATGGGAGTAAAGTATACCC	1
TACTCCGTTGGAGGGACTAA	1
ATGAGTAGCGATAGCCCTGT	1
TTGGTAACTGGCCCCTCATG	1
AGTTTGAGGGACTAGAATAC	1
TCAGGCAGCTCAACTGCCAA	1
AAGATGTCTGTGTCCTTGGG	1
ACGAAATTTCACGGGGATCG	1
TCTGGATTATCCCCCGTTTT	1
CAATGTCTGCCAGGAGTCGC	1
AGTATGCCCTTCTTTCATCC	1
CGATCGCTCCCTAACCTCCT	1
ACACTATGACTTGTTAACGA	1
CCTCCCTTTTTACGTGAGAA	1
AGCATGTGTTAGGACTTCTC	1
ACCCGCGTTTCGAGAAAGAT	1
GTCCCGTTAATGGCGTGAGG	1
GGTGGAGTCCGAATACCTTG	1
CACTTAACTGCGCTTAAATC	1
TAACGCTATGGGTCAACACT	1
TAATAAAGAGGCAGTTCCCC	1
TGGCTTCCTCGCTATATATA	1
TGTTTTCACATCTTACCCAA	1
CATGACACTCGTAGTGTTAA	1
TCTTGTGCTCTACAGCATAG	1
CCAATTATTTGCTGTGAACA	1
CTACACACCATATGTGAAGG	1
GTTCCGGCGTTTGTTACAGG	1
TCTATTATAAAAGGAGGGGT	1
TGCAGAACCGATCACGACAG	1
GCCCGAGATGTGAGTAGGGG	1
CACGATTGTCCAGCCGGCGG	1
ATACGAAAGGCCAGAACGGG	1
GGCCACTTGAAGTACTTTGT	1
CGAGGGCCCCATCAGGACCT	1
CTGCTGACGTTAAATTTCCC	1
TGGGACTAAAGTACGAGAAC	1
TTCTACTATGTTAGCGAGGC	1
AGGCAGACATGCAGATCCTA	1
GTAATTCAGTTCCTAGAGGC	1
ACTTAGATGCATTTGCAGGT	1
TGCGTTTCCCATCAACTGTA	1
GTCGTGGTGACCGTTATCCC	1
TGAATGCGTGCAGGCGTGTG	1
TTCCGCAAGAACCCTATACT	1
TTAGAAGCAAAAAATCATGC	1
CCCGACCCGGGGCTGAAGGT	1
ACTCGATTTAGTTGTTACGG	1
GTGGCAGTCGAGTCAGGCGC	1
GGTTTGGCTGCACCGAGAAA	1
GCAATACGTCGTCTATTTTT	1
AACGCGCGACATCGGCTTCG	1
TTTCGAAACCAGTGCCAGTA	1
ATGCGCGGACAGCTTTTGAG	1
AAACAGTTCGCGTTGGCGGC	1
GGTATCGATTCCGCTACACT	1
TTCTTACTTTCTCTCACTGC	1
GCGCGGCGAGATGACGGCGT	1
GGCCGATGAAGGGGAGTTCA	1
CTATAAAGTAGCTGCACGCC	1
GCCGCTGTATGAGCCTTCTT	1
AGCTGTCAATATGGCGCGTA	1
GCGGTCCTGTACCAACCTAA	1
TAGTGAGTAGTCTTTCGATT	1
TGACTATACGATTCCCCTCA	1
CAAATGACGGCAACTTCTTT	1
GATGAGTACGCGAAGTGTAA	1
GTCTGGACGTCAATATTCCA	1
GAGTGGGAGATCTGCATGTA	1
AACTGGTGGGGGTCTTCGAC	1
ATACACAGATCAAAGGCTTG	1
AGCGGTAAATACGCAAGATA	1
ACCCGGGCAAGTGCTTAGTA	1
AACCGGTCGAACCCCGAACC	1
GAAAAATTAGCTTGGTTTGA	1
TTCTTGTATGGAACACTAGT	1
ACGGAAAGACTGCGAGGTTT	1
CGGGCCCCCACAACGTGTCC	1
GCTATCAAACGGCAGCGATA	1
GATAGGGATCCGCAAAGAAT	1
ATCGCTCCAACCCCCCGGAG	1
CGAACGCATTACGTGCGAAT	1
CGGGTTTCGGGGAATGCCAA	1
ACATCGAACGGGTATTCGTT	1
ACCCACCTAAATACTGCGTA	1
TGTTCGCGCGCTGGCCAAAC	1
TACAGACTTGAGAGACCCAA	1
AGCGGGTAGCACCTTCTAAC	1
GACTCTATAGGCTTACTCTG	1
AGTACAACTTCCGGTGATCA	1
TATTCTAACTTATCACGTAA	1
TTAATCACCAGAACAATCCC	1
ATTCCTCGACGCCCTGTGTG	1
TACGATGAAACCGAAGGACT	1
ATTGATTAGGATGAATCGGT	1
ATTCCAATGGGCTACCGGCT	1
GAGAACGATGCGGCTGCTAT	1
GCTGATCTATGTCTCTGCCG	1
AAGTTTCGACTTTTATTGTA	1
AACTCTAGGACGGGATATAT	1
TATGGCCATGCGATACTAAC	1
CCTTGCTGGCCGTTGCGTGA	1
ATAAGGAAGCTGCACGCCCG	1
GACCATAGGTGGAGAGCTCT	1
CACGGCAGGCCTGTATTTAG	1
CGGCCGTTATTGGCCCGCCT	1
CCAGAGCATGCCTGCGACGC	1
GGTCTATGAAACGTGCAATA	1
TCCAGCAGCCGCCGTCCTCA	1
CTGTGCCGGGCGGCCGGCCA	1
TTGAGCCATTGTACCTGTCA	1
AGAAGGTATGTGATTCGCCT	1
GCCAACCTCACTACGAGACG	1
ATTAGCTCCACTGATTTGGG	1
CCACCTGCTACGGATGTCTT	1
ATATTGTGAACTAATTTTAT	1
GCTCTATTGGTCTTTCGCGC	1
TTCCAATGATTGAGACGAGG	1
CAACAGGGGGCGTTCATATC	1
GCTGATACGTAATGCGCTCG	1
TGGAATATATCAACGCTGCT	1
AGTGGGTTTCCTTTCGAGTA	1
GCACATACAGCATACGATTT	1
ATGATCCAGACTAATCAAGC	1
CGCGCCCATGTTTTTAGCTC	1
GAATTAGGCTGACGAGGGCA	1
TGCGAGTTTGCTCTGCAAGA	1
TACCGAGCAGGATTAGGCCA	1
CTATTGGACTTGAAGTCGAA	1
AACAATCTGCTAACGTCTTT	1
ACCGTGTGGGGTACGCCGAA	1
CCAGAATCCTCATGTCACCA	1
TTGTGATCTAATATAATACG	1
CAATACTAAGGCATTCGGTC	1
CCGGTACGTTGATCACTGTT	1
GTGACCCGTCGCTTTGTTAT	1
CGCATAAACTACTATGGTCT	1
CCTCCTCGTTCGATTCTTGC	1
GATATAGGGATATAACTTTT	1
GTCATCCTCACAGATAAACC	1
CATTTATGTCTCTATTGTGA	1
CGAGGCGGCCATACATGGAC	1
GGTCAATTCGGTCTCGTCTT	1
ATCGATAAGCAGCGCCGAAA	1
TGGCGTTGAAATTCCTGGCG	1
GTGGAGAATAGCGCCCTTTA	1
TCCGAGGTCCAAAAGTCACG	1
ATCTCAGTGTTCAAAGATCC	1
ATTGGGCGACAGCAATCGCT	1
TTCTGGTAAGAGCTCTCACT	1
CTCCACTGCCTGTACCGCGT	1
ACATATCGGCACTACCTTCT	1
ACCGAAGGCGGTAACCACGT	1
TATTGGTCCACCCGGAAATC	1
GTTCTTAGTAGCCTAGTAAA	1
GTTCTGTTGGATGTTCGTCC	1
CAACCCGAGCAAAAAGAAGT	1
ATCACCCGGGAAACCAAATG	1
ATGTAAATGGCTCGTAAGAA	1
CCAGACGATGAATCCGAGTT	1
GTTCATATTGCGAGATAGAG	1
TCGATTTCGCACTGCCACCG	1
AAGTCCACGAAAGCCATAGA	1
TGTCGGGAGCGTGTTGAACG	1
TAAGGGGGAAATTTTTTTAG	1
GGGAATTGTTACTGCGGCTT	1
TATAGGAACCCCCCAGAAAA	1
GTTTGGGACAAGATAGCTAT	1
TCGTTATGGTACTGTCGGTC	1
TTACTTTTACCCCTACTCCC	1
TGACAGGATCGCATGAGATG	1
GAAGCTTCACCAGGTTTCAA	1
AGGATATTTCTAAGCTGCCG	1
GTGCTTGGGTGAACCTGGGT	1
CAAAGTCTCTAAACAACGCC	1
TCAAACGTGTGAAAGTTAAT	1
TACTGGGAAGACTGAACTGT	1
GTGGGTTCGTACAATACTTG	1
GCAGGGTCCAGGGTTTGCAA	1
GGAAGGTATGACCTATTTCA	1
TCTTATGTAAAACCAAAAGA	1
CTCATCCCTGGATAGTTATC	1
TTCTCTTTTTAGAGATCATT	1
TTGTGAAATTAACTCCGAGA	1
TCGTATTCATAAAAGCTGCC	1
AACAGCGAAACTAATTAATG	1
TCAGCGAGTTGATCCAGTTT	1
TGGTGGATGAGACCGAGAGA	1
ACCCACTCGGACTCGTTTAG	1
ATTCGCGCCCGTCTATGAGA	1
GTTACTGAGGTGTCAATGAC	1
ACAAGAGGTTCTTCACAGTG	1
TCCCTTAACGGGGGAAATCG	1
TCATGAGTACGAAGATGTTT	1
AGGTCTGAACCAACTTCTTC	1
CCCTATTACCACCTGAATGT	1
TTTAATTGAGGTATTATATA	1
TTCAGGAACCGATAGCTCGG	1
AGAACAGTAGTGCAGTGAAT	1
GCCGCGTAGTCTACGTTCCG	1
GGATCGTAAAGTCTGCATGC	1
CAACTGGCCTCGCCCGTATT	1
GACGGATCTAGGGCACATAC	1
TAGGCGTGCATGACATCTGT	1
GGTTAATGGCTAGTACGGCC	1
TACATGCGATGGACCCAATC	1
CGCCCCAACCTGTCATACAC	1
TCAATCCAGTGCCTAGTACC	1
TCACGCCTATTGCGTATGGT	1
GCAGGTCGTATTAATAAACT	1
GGGTGATGGATCATCAGAGC	1
AGCTAGTACATACTCGTAGG	1
TGACCGGTAGCTAAAAAAGC	1
CTTGAAACTTACGGAGCGGG	1
GATGGGAGGGTACGCTCACA	1
GGGTTTTTCCCAATGACGAT	1
CTCTGCTAGTCTGACGGCTC	1
CCGTTCTGCGGGAGACTACC	1
CTATTTTGCGGAAAGCAAAC	1
TCCGCTACCTTCAAACTGCC	1
TCTTGAGTGCTAGACGCTTC	1
GACTCTTCCAAAAGACCAGC	1
CTGCTCTACAAGCTTCAGCA	1
TATGTACTTGCCTAGCCCTA	1
ATCACACGAAAGCCCGTGTC	1
AACTCTATGCAATCATTCGA	1
GGTAACCCGCACCTACCGTA	1
GAAGTGACTAGACTCCCATT	1
GTTTGCTGTTGATTGTGGAA	1
GGAGAACTCTCGAATCAACA	1
GTGGGGGACAGGAATATACT	1
CGGAAGGCCTACGGCTACCG	1
ACTCGATAAGTTGTGTTCGC	1
TGAGTTTCCTTTCGCAATGA	1
TAGGGCGCTTGACTCTTGGT	1
CTAATGTAGTATGTTAGTCC	1
ATTACTGGAGCACCTGGTAG	1
CTTGGATAAATAACGTATGT	1
GAGACGTCTTCTCCGATGCA	1
AATAGGGACCCACCTCACCC	1
CATCTCGACCTCTTAACGAG	1
GCGTTGCCGGAACCGAGGTG	1
TGGAGGAATCTGGTGCTCCC	1
GTAGTCCAGGGACATGCCAC	1
CGTCGGGGTAGGTTTTCAAT	1
GTACAGGCAGTAGAAGTCGC	1
AGGTTCGAGCTTTATAACCC	1
TTGAGGGGAAGCCCCAAATC	1
AAACAGTGTCCGGATAGCCG	1
AATTGAATTCGACTACGCTC	1
GGGTAATGGGTCGGGGGGGT	1
GCTATTGAAGAAACGGTCGC	1
GACGAGGTCGTTTTTGCGCT	1
AGTCTTCTCGTGCTCCATTT	1
GCTAAAAGAATTAACTTCGT	1
TTAATGAACCCAAAAATGTG	1
CAACGCAAGTCTATTCCTAC	1
ATTTACTAGTCACGGTAGTT	1
ACTACAGCATCGACTCCCCG	1
AACGACTATACTAATCGGCA	1
ATGTTTACCGTCAGATGTGT	1
CAGTTATCCACAGTAGGAAG	1
TAAGAGGTACCCCACCCCAC	1
TAAAGTGACACTACAATTCG	1
GCACGCTGAGTGACTCCATT	1
TCGTAGAAATAATACTCTGG	1
GTCAAACACCCTAGAGGGGA	1
TGATCCTTAGGAGTACCACC	1
CTTCGGGATGGTGTATTGCA	1
GGTCCATAAACGTATGACTT	1
AACATAATGTATTGGGCTGC	1
TTGACCACTGTGGGCCGCAG	1
GAACTAACTCAACCCCAACG	1
GCTGATCACCTTCAGACCAT	1
TACAGAAAGACTTAGTATAG	1
CCCCCTCGCTATTATCCGGG	1
TCTTTTTGGCGGGTCTCTTT	1
CGGAAAGAGAAACCGGTGGT	1
AGATCCTCATCCCTGGGGAT	1
AGTCGCCAGGAGCTACCCCT	1
CGAGTCCCTGTGCGGTGTCT	1
GCGCTTCTTTCGTAAAGTAC	1
TTCGCTGGTTGGAATCGACG	1
ATAATGGTGACTTTACTTTC	1
GTACAAGGTGAATTAACTAT	1
CGATGCGGGCGGTTGACTTA	1
ACGTCTGTGCTATAATTTGG	1
AGCAAATACACAATCGTCGG	1
AAATACTCCCCCAACATCTT	1
TCGTTAGGGTTCTTACACAG	1
GTTAAGCGACGTACCAGGGC	1
ATCAACCCCCAGTCATATAC	1
AAAGTACAATACTGGAAAGA	1
GAGCCCCCGGAATTTAGTCC	1
TTGGTAGCCCTGCGGTATTG	1
GATCAACGGACACGATCCAA	1
CTCCAACTACGCGGGGGCAA	1
CGGCTGAATATGACGTGCAT	1
CGCAAGTGCCACTCCGCTCC	1
TCGACTTTATAGCCAGGACG	1
TGATGGGGACCAGTCACCCC	1
TGCAGTACTTTCATGATTGT	1
GTGAGGTTTTCACGGCCTGC	1
TTCATGCACTAAGCTTTGCA	1
ACCCTGGCGTAAGACTTGCG	1
TGAGCTCACAAGGGAATGAC	1
AGAGTACTAGCAGTATAAGG	1
TTAACATAAACAGTTGCAAC	1
GGGCACAGGCTGTTCCCGCA	1
CACTCGGTTCATTCATATTG	1
AGACGCAGTTTTATCAGGGT	1
AAGCTCGAGTCTAGTTTGAG	1
AACTATCTGTTATTCGTCTG	1
GCGTACCCCGTAGTTCGTTA	1
TTAAATCTTAATGGAAACGC	1
CCATTCCCCGAGCGTTCACG	1
TTGGCTGAGGTTTCGTCGTC	1
ATACAAACCCCATACTCTGT	1
AGGCCTCTGATGGAGAGATG	1
CTCCATAGTACTGTCAGGCT	1
TAAACCCCGTAGTATAAACA	1
AAGGGCCGGAAACGCTTCAG	1
TATTCGCACCAGGTGGCTTG	1
CCTACCGTGAATAATATTCC	1
TGTAGATACAATCCAATAAA	1
ATAAACCACCTCAAACAATA	1
AGACTGCAAACCCTGAAAGG	1
CTTGTAATCTGCTTTGGGGT	1
GCGTCCATTCTGAATACCAT	1
AGCCTTTACGACGTACCCCC	1
ACTGGCTTGTTTGCAATATT	1
ACGGACGAGTCAGACTTTGT	1
CCTGCAGTACTTCGCGCAGA	1
CCGGGCTGGGTGAATATTAA	1
ATATCCGTGCAAGTTTCACG	1
CGTTAGTGACTACTACAAGC	1
ACGACTCTAATGAGCCTTTG	1
TGTGACATAGTCCCACGGCG	1
GCGCTGGCGAAACGCAGACT	1
CTACTAATGAATTTCAGTTT	1
AGGAACCCGGTCCGTCAATC	1
GCGTCTGGTATCACATATAA	1
CCATGCTTTATCCGAGAAAA	1
TCTCCAAAGTCGGACGGCGG	1
CACCAGTGTGAATTTGTGGC	1
GTCCTAGACTCGGGCTCCCT	1
AAGCACGCGGCCTTTTCTGT	1
CTTTTAACCTAGGACGGCTG	1
ACGCATAACCGTATCTGAAT	1
TGGTTATAATTTGATCGCCG	1
ACTTCGTTTCACCGCACTCA	1
CTATGGGACAACACTTGGCA	1
CAACATCCCGACGGAGCCAA	1
TTAGGCGATTTGTCTGCTAC	1
GAGTAGGTTTGGCCGAGTCT	1
GATGAAGCTTCTACGGTCCC	1
GTGATCTTTAAGTACCTAGC	1
CGGGGTTATATGTCTTAGGT	1
ATCGCTGCCGTCAGGCAGTA	1
GTGCGACTATCAGAGAAGTG	1
TGTGAACGGGGGTCTCGCAA	1
AGGAGCGTTCCAATCTCGTG	1
GGGTGACATTATGTACTGCA	1
GAAGAATTATTATTGACGCA	1
TCCTCTTCTTCCCAGCAACG	1
GCTCGAAATTTATGCAACTC	1
AATCGTATCGTGGCTTCCGT	1
CCATACTGATTATCCGCTGT	1
ATACAGCCCCGTAATTGCAG	1
ACTCAGCCGACGGGTAATCC	1
TCGGCGCAGTGCCGGGGGGT	1
GACTAACGTTTAGTAAATGA	1
GACACTTGTAGATCAGATGT	1
GAATGGATGGCGCTCTTCAC	1
AATATGCCAAGATCTAGGCT	1
TGCGACAGCCAGGTCGAAGT	1
CATTCAGGAAGGGCAGACTG	1
TGGAGCCTTCGTGAGTAGGG	1
GACACCGGATCTTCGTCAGA	1
GTTGATGCGAGGCGGTGGCT	1
TTAATTTGGCATCGTGCTAT	1
TCGACTTTGGCAAAGCAACA	1
GCTCGCTAGTCTTGTCTGCC	1
AGGGCCGCCACGGTCATTAG	1
AGTTAGTAGCAGGACGCTCA	1
TCCGTGTACTGATAGATACA	1
GGTCGCGGTCCCAGTTAGCA	1
TGCTCCCATGTGAGTACCGA	1
GATACAGGATATTCACGAAC	1
GGACGTAAGAAAACGGACTT	1
CTACAAAAACCGAGCGTCTT	1
CGGGTATAGCAGTCCAGGAT	1
GGATAGTCGGGCCCGAATGC	1
ACGTTGTCGCCGGGACCCGT	1
TCATCTCGCTCGCTTACAAC	1
CGTTCAACAGCGCTCAAACT	1
TCCCCCTTTCTGATCAGGCA	1
ATCTATCCGTCAGTGACGCA	1
GCACACAAAGGCTCACAGAG	1
CTTGGGAGGCGCCGTACAGG	1
TCGGGACGGTGAGCCCGGAC	1
AGGATAATGTGCCTCCAATG	1
TGCGATAAAAGACGCCTGCA	1
TCTTCTGACCTATTTGCTAG	1
TGCATCTTACTGGTTCCCCC	1
TAGGATCCCCTGGATTTGGC	1
TGAAAATTAGCGGGCAAAAC	1
ACCACGAGTTCGAGAGTTGG	1
CCTTTAACACGCCCTCCGGC	1
AGTTAGGCTCACATAACCCT	1
GACCTCTCTCAAGGTCCGTA	1
TTAATTCGTCTTTTCGTCTC	1
GGGAGACAGGGACGCGCACT	1
ATCCATATAATTGACAACTC	1
AAGTCTCGACAATGCAGGAG	1
TGCACACCATATCCCCGTTT	1
AAGTCCGAAGCTAAAAGATA	1
TTTACCGCAGCTGGTCTGCA	1
TGTGAAAATGTCTTCTGGAT	1
ATTACAGGTTCAAGTTCTAG	1
TCCTTACGCCGTTATAACTC	1
ACTGGCATCATGGCCCAGGT	1
GTTCGGTCTTTCAAACGTGC	1
GTTCATTCTCAGCCGGTGCG	1
CAGCGTGCGAGGAATGCTTC	1
TGAGCACGTATGGCAAGATC	1
CAGTTCGAGGGGACCACCCC	1
TTGAAAATCTTAGTAATTTC	1
GCCCAGTCTTGTTCACCCCC	1
TTCATCTCTGTTGATTAACG	1
TTACCGTTGCTTTCCCATGA	1
GGTCGGTAAAGATTACTCGC	1
TGCCAGGCTTGAGACCAGGA	1
GCGAAATGGATGGCCTATTG	1
ATAACGTTTTTGCCCGCGAC	1
AGCTGGAGGATGGCATTGTT	1
GGTTCAACTGATCTTATGGA	1
ACGCAACATGATTATCTGGC	1
TGATGATTCCCATGGGCTTG	1
TATACCAGCGCAAAACCGCC	1
TTTGCGATGCGGTGCCACGA	1
CTAGCCCACACGTAATGCCC	1
GGGGTAAGCATGATGCGCTT	1
TGCTCCGGAGTACCGCTACC	1
TTTCCTTGGCTGTACGATAT	1
TGTGTTAGACTCGTCTGATA	1
TAAGGAGCCGCAGTTCCTGA	1
TTTTTTCAATGGCGCCAAAG	1
ATAAAGTCTATCAAGATTAC	1
GTATCGCTACGCTGACAATT	1
GAGTGAGTGAATTTATAGAA	1
TGCGTACCGAGGATCATAAA	1
CGACTAGATTTGACGCACGG	1
CCCTAACTGCTCCATACACT	1
AGGCTCTGGACTGCCAGATC	1
CGAATAAGCGGAATGACGAT	1
ATACTACAACCTGACGGCTC	1
CTACACTCTCAACAGATTTA	1
TACTAAAGTGATCCGCGTGG	1
ATGAAGTCCAATGTCCTACC	1
CATATGTGTTGCAAGTTTCT	1
TATTGGTTTAAGGCTAGAAT	1
ATTCTCACTTATCAGGACTC	1
GCAATTCTGAACTATGCTGT	1
CCAGACTCTCCCTGAAAAAT	1
CTACATAATCTATGACGCGT	1
GCTCCGGATGTCCCATTGCA	1
TGGATATGAACGACTGCCGT	1
GTTGGGACAACTTACACTTC	1
CATACCATAGAAGGAGATCA	1
AGACAAGCCGTAAAGTCAGG	1
ATGCCCTCCAGCATTTAACC	1
CCGGTGTTAGTTCATGTGGA	1
GTGTACCTTGAGTAAACTAA	1
CTACCTGACGGTCCAAGGCA	1
AAACTGATGTCTTCCACCAA	1
TTGTTGTTCATAGGGATGAC	1
ACCCGTACTCTATAGAGGTG	1
TCTGTATTCTCGAACTACAT	1
TGCACTTTAGCGAACCCATA	1
GATCTTTCTGCCCCCTCTCA	1
ACGCTGTCTCAAGGTCCCAG	1
ACGCGGGTTGCAGGTGTGCC	1
CATCTAAACCACGCCCTTTT	1
TCATCCAATTTTGCTGTAAC	1
GATTTGACGAGAGGCTTGAC	1
TTAGGTAAAAGTTATCGTAT	1
ACCGGTCCGTGATTACACCA	1
CAAGGCAAGACAATAACGCG	1
GCCCGGCATCTTAGTATAGT	1
AAGTCACCCCTTCTCATATG	1
CGTTGGGCACCTGCCGCGGA	1
GCGGTGCTTGACCCGTATCC	1
GTCGTAGAACGTTACTTTTT	1
GGGGCACCGACGGCGTAGTG	1
TGAGAAGCGGAGCGTGAACC	1
CCCGGAATTACTTGGTGAAC	1
CCACGCTTAGTAAGTTTACG	1
TCATCCGACCCGCGCCGGTT	1
AAGCGGGGCATCGCTCGGAG	1
TAGTTGTGACACCGAAGCAA	1
CGGTACTCAAATGTCGTCTG	1
AGCTAGTAGCTCCGTGTTAC	1
CCCTGACTCGCCAACAGCTA	1
CTCTAAAAGTACTAAGCATC	1
CATATCAGTCGTGAGACGAG	1
CAGTTATAGGTTCATTAGCA	1
TCTCGACGTTCTACCGTTGG	1
TTTCCTCAGCTACCCCGGTA	1
TCAAAGTGCCCCGTTGAAGG	1
CCACACCTGTTAGTTACCCT	1
GGCGTGACCGTCCCTTGCCT	1
CTTGTTTTAGAATGTAGGAC	1
GATTTTTATTCAATATACAG	1
GGTTTGCAAAACTACGCGAA	1
GTCAACTTTAAGCGTGAGGA	1
CGCTAGTCGTTCTTCTAGGG	1
TTGCGCCCCTGCTGAGTTGT	1
GTCCACTTTTCTCGACGCAT	1
ATCATGACCGAAATTTCGTC	1
CGCGGCCCTGACATGCGATC	1
AGCACCGGCACGACAGCTTT	1
TGCTTAGATAATGTGATATG	1
CCACCACCTCCTCCCTGAAT	1
TGTGGGTGAGTTTTCTAGCC	1
TTCGTAAGTACATTTATTAA	1
AGGGTCTCGTATGCATCTGC	1
GCAGTGACTTCTGAGTTGCG	1
TGCAGAGAAGTCTAAGTTAT	1
CAGTACGTGTCGATAGAATC	1
GGGGCCCTAACGGAGAAGTC	1
CTTGGCCTATCAGGGCAGAT	1
GGCATGCTGTAAGAGACCTT	1
CGCTGCTACCGCGTAGATCA	1
TGACACCGACAGGTCTCCGC	1
TCCAGGTTACTCATCCTATG	1
ACTTAGAAAGAAGGCGGCGG	1
CGTGCGATGCTCAATAGCCC	1
AAGACAATGGGGGGCTTAAA	1
CGTATTACCCTCTAGTCCGA	1
CTTATTGACCGCAAAACGTT	1
ATAGGCCCACTTGTCCGCTA	1
GTCATTTCGGGATGCCCATA	1
TCCGCGAGGGTGGAGGGAGC	1
CACTTCTAAGTGTTGTGAAA	1
GGAGGCCGTGTACGTCCTAT	1
GGGAACCTCTCGGAGGTGTT	1
TGGTCGATGAACTGTTAAGG	1
ATGAACTGGCTGCAGGAAAA	1
GGCGTACTACCACTGCCTAG	1
TCTCCGGTGTGCATACCATT	1
AGCCAGGTACACCTAATACC	1
CTGTACGGAGGAAGTCATTC	1
GGGTAGTATAAGATTTATCA	1
CACGGGATTTCGGACACCGG	1
ACACGTTTTTGCTTGTTCTT	1
CGTAGCTTATCTGTCTCTCT	1
CTAAAACGAACCTTTCTTAT	1
AGAATGTAGGCCACCAACTA	1
CATTACAAAACTCACCTACG	1
CGCATTTGCCTCTCACGTAG	1
CATTGCTCAGGGGTTTCTGC	1
TGTACATTCAGCAGTCCAAG	1
CGACGGCATCATTCGAGTAG	1
CGTTCATACTACCATTGGGT	1
TACGAGTATTAAATGGAGTG	1
CGAGCTATCTAGATCATGCA	1
GTCAGTATAATCGGAAGATT	1
AACTTCAGATTAAACACGAG	1
ATAGAGTCTATTGAGGGGAT	1
TAGAATGGTGGCTCCAGAAT	1
CTCTTCGTCCCGGTTAAGTG	1
TTTAAACGCTCCTGTCCCTG	1
GCCGGCGTGCGTTCATTAAA	1
TACTATAACACCCCGGACGC	1
ATTGGTTTCGGAGGTAGGTG	1
GAAGAGTAAACGGTCGCGGC	1
TGTGGTGGCCAACTCACGCT	1
TGGATGGAATTGGTTGGTGC	1
ACCATGAGCAGAGATTCGTG	1
GATCCCGGACAACTCCTATA	1
ACATGGGCCCACTGCATGCC	1
CGTGCCATAATGTGAAACGG	1
TAGATGTAGTCTGTAGTTGA	1
CACGCACAGACCTTAATTAC	1
CGGTGGGTCCCTTGTTCGCA	1
CGAACGATGATAAAGGAACT	1
ATGCGTTCTTAAACGATGCG	1
AGATTGCGCGAGCGACTTAG	1
AATCAAATTCAACGAGACCG	1
AGGCACATCATCTACTGCCT	1
CTATGATCCCACAACCCATA	1
CTGCAGAACCAGGGGGCGGT	1
GCCCTAGCTTCCCACGCCTC	1
ACTCCCGAACAGACAGTAAG	1
CGCAAACGGCATGCAAAATC	1
GGCCTGCGGCAATCCGAGAT	1
CGGAGGTTAAATTGTAGGTC	1
GTCGTGCTTCTGGATTGAAG	1
GCTATTGGATGATCCCTATA	1
TCTCCGAACTCACCTGTTGA	1
CACTCTGTGGCCAGTGGTGG	1
GACGTGAATGAGCCCAGACC	1
ATTGTCTAGTGAGCTAGTGC	1
CTCATTTCGCTAACATTATT	1
ATAGTCTAGATTGGTCAAGG	1
ACCGGTAGGACGCCAATCAG	1
TCAAGTTGACAGGTAGCGTA	1
TATTATCACTGGCTAGGCAT	1
GAACGAGCCCGCGATGGAAG	1
TAGAGGCAAGAGGCGAAGCG	1
TATCGATCCATCGCGAGACG	1
TCTCACAAGGTGCATATCAG	1
CTAAACGGGTAGACGCAGAA	1
ACAGGGGGCCATCTCCAGCA	1
CATCCGATAATCAGATCCCA	1
AATTCCTCACGACACCGCTG	1
ATCATCTCTGCTCTGGTTAG	1
AATTCATAGTCTGTGCTGGG	1
TAACACTATTCAATTAATGC	1
GGCGCACTGTCCGATGACCC	1
CCAGTAGGTGGGTAATGAGG	1
AGCCTCGGAGCTGATGTGGA	1
TAGCGATATGATTGCTCATA	1
TGCTTATGGTTTAATGCAAT	1
CATTCAAGAAGCCTGATGTC	1
CGTTCGCCGACCACAACATA	1
GATGGCGTGATGGCAGCGTC	1
ACTTTGCACGTACTCTACCA	1
GCGATCCTGTTTACGACCGG	1
TTCTAGTCCGTTCTACAGCT	1
GACCCTCATTTGCTGAGGTC	1
GGCCATTTCAGCATGCATTC	1
GTAGTAAGCCCCCGTCGTAT	1
CTAGCTCGTCAGTGACCTTG	1
CATTAGCATGGGACATATGT	1
CTTCGTCATCAACCCCTTCC	1
ACGAAGACGCACGCCTGAGA	1
TCTCATAAATATTTCGGAAC	1
AGGAGAACCGGATAGTAGGC	1
GATGGGCATAGTAGTTAAGC	1
GCTAGGAGTGTTACGGGCTA	1
CATAAGTGGAAAGACGTCCT	1
TCGCATTGTAAGCAAAAGGT	1
TAGTCACATCGCACCGATAA	1
TAGGATCAACTTGCTGTGGT	1
TCCATTTTGTTGCTAAAAAT	1
GAGCACAGCTCACAGATCGT	1
AGGTCAGCTTATATGTGACC	1
ATTTATCGTTTCCGGAAAAG	1
GTGTCGGATCTCTTAGAAGT	1
AGCCAAACCTGAACGCAAGA	1
CTCACACTAACAGACGGCTG	1
ACTGGGACCCCAGCGTGTCC	1
CCCTTCACTACTACGTACAT	1
GAACGGCTTCCTGCCGCTTT	1
GGAAAGTGTAGGGGGTGGCT	1
CCTCTAGAACGAAGCACCAA	1
CAGAGACGGCTAGTGTTACG	1
CAGGATCAACAATTTTGCTA	1
ACGTGAACTGGATATGTGTG	1
GTCTGCGACAATAAGCATAT	1
GAGTTCAAGCTAGACATAAT	1
TACCACGCGCAAATCCTATC	1
TTTTCAAAACCACGTATGCG	1
GGGCTATGGATTAAGAGATC	1
CCCCCGATAATCGTACAGCT	1
TATCGTTATAAGCGTCGTTA	1
CTAAGTCCCGTATGAGGTAG	1
AAAGTTCATGGCTAACGGAG	1
TGTGAAAGACTGTTTTCTAA	1
TCGTCTCGTCGCCTTTGAGA	1
GCCGCCCATGATAACCCTGC	1
TCTTCACCAAGGGGGCCAGT	1
TGTTAAACTCCGTTTAAACG	1
CCGTGTAATAAACGCAAGCA	1
ACGTAGCCCTCAATTACTAT	1
CATAGCAATAGAGTAACTTA	1
AGACGAGTTCGGTAGGCTGT	1
CTACCTAGGTTAGCTCATCC	1
TAAACATGGGTAGTTATGCC	1
CCCCATGCGGACATCTGAAT	1
TATGGCCGTGTGCGCCGTGG	1
CCGAAACGAGATCGATTGTT	1
AAATGTAATCCCCGAGTGTA	1
TCATGACCTCCCCTCAAGGT	1
TTTCTGTGCTGTTCATGCCC	1
GTGGTACACAAAAACGAGTT	1
TGAGAGATTGTGATTCAACA	1
GCTCAGGTATCCGGTATCCT	1
CATGCCCGTGTCTGATCTCT	1
GTTCATTCAGTACGCCTTAA	1
ACAGTATGGCTTACCACGGA	1
CTGCGGTAAACGTTGATCAC	1
ACGGGTACCATAGAAATGCG	1
TAGTCGATACTAACGATGGG	1
CCAGAGGATGACAACGCCTT	1
GTAATGAGTATGGTAAGCAC	1
GTGGAGCGCCCGTGGTGGAG	1
AGATGGATGTGTGTCCTGAG	1
TCATGCGCGACATCGATTTT	1
CCGAAGATTAGCCTCACTCT	1
GGTAGCCGGACTAATCGTGA	1
AACACACTAATTCTGTGGGG	1
CGATGACTCGATGCATCCGC	1
TAGCTCCCATCCTATTTAGG	1
GAACCCGTCGGAAGTACGGT	1
AACTGCCAGGAACCAAGCGT	1
TGTTAACAAGTAAAAAGGCA	1
AGTTAAAAGGTGATACCATC	1
CAGTAAACTCACTATTGAGC	1
GCTACCATGGTGATTATGAC	1
CTGAGCATTTTACAGGCCTG	1
TGCCAATATTCTACCGCAGG	1
CCGCCCAGGCCGTGACAGAT	1
GGCAGAAATTCTACTCCTGC	1
CCAACGGTGAGGTAGGTACA	1
AGGACATCGTCTTGTTTTGC	1
CGTACTATCAAATCGGCCAA	1
AGGTATAGGCTACCCATGCG	1
GGCTAGGTACTCTGCACCCG	1
TGCGTGTTGCTTCGACATGC	1
TATAAGAAGAGTTCGAAACT	1
TCTCATCTGCCTACCTTCAC	1
GACTGCTTACCCTAAACTCC	1
CATGAAAGGTGATGCAATTC	1
AGTGTGCATCCCTGCAATGG	1
CAGCACTATCGCACACTCAC	1
TGAGGGATATTCGGATCACT	1
TAAGATGGGCTGGGAAGAGA	1
TAATCGCCGTGGTTGTACCT	1
TAACGCCAATTTCCTTAATT	1
TAAAAATAACCTAAGCTGAA	1
ATAACATTAACATACGTCGT	1
GTGTGATGGTTCGCAAATAT	1
TTTGTTGCATTCAGCGGTTC	1
ACCCTAATGCACCGGTTTCT	1
AGCACCGACCGGGTAGGCAG	1
GCCACCGAGGAGCGTAGCTC	1
CGCTATCGTCATTCCGAGAA	1
TTCAGGACACTCGTCGAATT	1
AACACAAACAGAGCCCGAGT	1
TCTATCGAATGGGTGGTAGC	1
CGATACGGGAAGCGAGAGCG	1
GGTCGTCGTCAGGGACCTCA	1
ACCTTGTCACCACCCATCTG	1
GAACGGTGTATCCAAATGAC	1
CCGAGAAGACTAGAAGGTCT	1
CCGGGTTTCACATGAGAACT	1
CGCCACTGCAGTTGACCCAA	1
TTAGAAGGTTAACGACATGG	1
TCCTCGAGAGACGGACATCT	1
TATCTGTACCGTTGACAATA	1
TGAACAATTAGTAATCCCTG	1
CGAGGATATCAGGTGTCCGG	1
TGATCTGCTCCGGGCATATG	1
AGCCCAATTTGCAAAGAGCA	1
GCGCTCGTCGTACCCGTGCC	1
ATCGAACCCTCCACCTTGAC	1
ATACCCCTGCATTCGATCGA	1
AGTATCCCGGAGAGTTAGGG	1
TGGTAGAGATTAAGGGGTAT	1
AGGGATTTCCCTGATAAGCC	1
CTGCTGGCCCCGATCCGCGG	1
ATAATCTTCAGGACCTCCCT	1
GGTCGATGTCCCGGGATCGT	1
TATAACGGTTCATCGGGACA	1
TAACGTGATTGGAGACATAT	1
GGCTGGCACGACACTCAATG	1
GTCGATTGACTCTGTTCCGG	1
GTGACCTTGAAGATCTCATT	1
CCGGACCAAGGAAAACCGGC	1
CTAAGTCAAGCTATTTGGGA	1
GCCAGGTGAGCTGCGGTCTG	1
GATTTTCGCTGAACCACAAC	1
TCAACCAAATGAATCCTGTA	1
TAGCCTTGCAGTTATGATAA	1
TGCGCTCCCACTCTCGATGG	1
GCTACACCCGTCCATGGACA	1
GCTCGCATCGCGATTTCGAA	1
TTTTACGGAAACGGTCAGAA	1
ATTTGTCCCGGCTCAATGTA	1
GGAATCAACGCAATTGCTGG	1
AAATGCGATTTAGTTGTATA	1
CCGCTACCATGAGTACCAAT	1
GTCGCCGTTAACTAGCGAGT	1
GAAGTTGTCCCTTAGCTGAT	1
TCGGAGATTCCATGGGGTGC	1
TCTAGTGGATGCGCAAGAAG	1
ACCAAACAAGAGGACCGCCA	1
GGCCTACAGTTGCACGGGGT	1
GGAACACGACCAAGAACGGC	1
CAAGTCCTAGCTTCCAACTC	1
TGGCCTCATGAATTCGGAGT	1
GGAACCTTTGTAATTCACCA	1
TATCGAGTACAATCGGCCGG	1
ACTATGAAATCTCCCTTCAC	1
TTGGGCATCTGTGAAGCAGG	1
TAAACGGACGAGTATTTTCT	1
GGTGGCATCCTTGCCCTTCA	1
TTCCCACTCGTGCGGGTCTG	1
TTTCTACCTGTGAACTGCCC	1
GAGCCCCGTTAATACGCATA	1
TATCGCAAGGTATAGACGCC	1
CCCCTATTGTGACGAGCCGT	1
CAGATTAAATATATAAACCC	1
GAGTTAGACCACTCTCATTC	1
AACTCGTGACCAGACATGAG	1
CATAGTGGGTGTTGGATTTG	1
ACCTAGGAAGCTCTCCTCCC	1
TGGCTAGAGAAGTGTCTGAC	1
TGGACTGCTTCAATTGGTAC	1
CCCTAGAATGGAGTTTGATA	1
GGCGCAAACCGCCCTGTTTC	1
GTTCAAATAAACGCGGTACT	1
CGTCAGAGAGCCCTGACACC	1
AGCGACGCCGTGGGACGGAG	1
ATTGGTTAGTTCTTCAGAAC	1
CGACGGGTCCCGGATTATTG	1
AATAACATCTCACTGCAGTT	1
GAAACCCGCCACCCCGCAAG	1
CCCACTCGATGAAGACATTT	1
TGACCATGAAGCAAGAATGA	1
CTATGAAGCCCCTGCGGTGA	1
GTGGCTGATGCCGTGGGGGC	1
CGTATAAAAGCAATGCCATC	1
CATAGAGGCGCCATGGATTA	1
TTGTGGGAGCTAATAGTTAC	1
GAGATTACTAACCTAGCTGT	1
GGCCACTCTGCGGGTCAAAG	1
AATACTCAGAGAGGAGACCC	1
CAATAATATCAGACTAATAT	1
CAGTGGAATCAGCCGTATTC	1
CCGGGCCGCTGACAAATGGG	1
GGGATGGTCATGTGTATAAC	1
GCCACTTGGACTACCTAGCC	1
CCCTGAGGTGGGATAACATG	1
GGCTCCGCTAAGCTAACCTA	1
GGGCACAAGAGGCGTGAGTC	1
TTTAAAACGCATACACCCTT	1
TGACCTTACCGCTGCTTGCT	1
CAACGGCTTGCGGGAGTCGA	1
GGCGATCAGTCATCTTGCTC	1
AGGTTTCGGCTGTCCCTGGA	1
AAGGAAGGTTGCAGACTTGC	1
GTTCCCAAACAAGTCTGTCA	1
CGACAATAGAATTCACCTCC	1
GAGAAGCACCGGTCCGCGTA	1
TCGCCCGAGCCCATGCACCA	1
ATATACGTAATCTCCTGAAG	1
AGTATCGCAGTAATGTGAGT	1
ACAAGATCCGACCGCCAAGT	1
CGTCCTATACTCCGCCGAAG	1
GCTTCTCACGCAAATTATCA	1
TTACAGCCACCAAGAACCTG	1
GGGCGACAGATTTGCCCCGA	1
CGGCGGCGGAAGATTGCCTC	1
TTCTAAAGACGTTGGATGTG	1
TGCCCCGTACTTACAGCCAT	1
CTCGTCGATCCCATCCTAGC	1
TTTTGGTAAGGGCTGTCACT	1
CCGACAGGATACATGTATAC	1
ACTGATTTATTTGTGACAGG	1
ATCTGTTTCACACCCACTAT	1
GGATCAGTATCTTCTTCCCT	1
GTCACGGTATGAAGTTTGTG	1
CTGTACTCACTATACATCAG	1
GCTCAGTATGCAACATATTT	1
GCTTTACCTAAGTGAAGCTA	1
ACAGAGTTAATTGATTATCC	1
GACCTCTGGAGGAGTATACC	1
GCCGAAACTCGAATGAGCGT	1
AGAAGCAAGTATAGAAGCGT	1
CACTGTCCTCCATCGGGGAA	1
CAGAGGAACTAGCGAAGCTA	1
TGGGTTGCCCTCGGGTCCCG	1
CAACGGCGGAAAAAAACGGC	1
GACGACCGGTAGTACCCGCT	1
TCAACCACTTAATGCTCACA	1
CTGGCTTCGCTTATGAACGA	1
GGGAGATTTTCCTGAGCGCG	1
TTATGCTGCCAATCTTATAG	1
TCTGCTCCAGACCACAAGTT	1
CCCTCGAGGTTGATACGGTA	1
TATCGGCCTAGATGATTGAT	1
CGGAGTGATCTCCTACAGCA	1
CCCCTGGTCCAAATTCTTTG	1
TCTTGCCTCCTCAGTGCAGT	1
ACGTCTGCTAAACCAGCGAT	1
GTAATGCTACCGGCTCATGA	1
AGCGGATTAGATGGAACTTT	1
CAGAAAAGGTAGAACATGAG	1
TCAAACAGCGGTTGGCTACC	1
GCTTCGAAGACGGATTGGTG	1
GTGTGACTGGAAGTGGATGA	1
TACTCCTACAGATTTTATTG	1
GGAATGCCAGAATGCGAATC	1
TCGCGCGCGTAAAGGTACAA	1
CTCCGCCCAAGTATAGTACC	1
GCACGGATATGAATGATCGA	1
TCCTGCAGAAGACAGCTCCT	1
ACACTTTTAGCCCTCGACTA	1
CCAGGGGCTTGAGCTTCCCG	1
CGGACTACAAAGAATCAAAT	1
AGTCCTCGCGTATTCCAACC	1
GACGCACCAACCAGAAAACG	1
GGCGTTATTACGGTATTCGG	1
CCGGTCGATCCTGTACCTAC	1
CGCAATGTGCCTTAGAAGTA	1
TGGGGCTAACTATATCGTGC	1
GTTCCGTAACCTGACCGACC	1
GTGTTATAAAGGATGCCGGC	1
AAAGTTGGAGCGGGTGACCA	1
ATAACTTGATTTTTACCCAC	1
TACGGTCCCTTTGTTCGCCG	1
AGTATGTCGCGACCGAAAAA	1
TTCAAAAAAATTCAACGGAC	1
CGGGACCTTCCAGATTTTGG	1
AACATGCGCTCCTTTGATAG	1
AGAGAGCACTTGGGTGGCTG	1
CTCCTCCAAAACCGACGTGG	1
TGGCAAATAGCAGATTCGTT	1
GGCTTGACTACCTTCTGAAG	1
GGTTTTTATATTAGTAGATC	1
GAATATTGCTGGTGAGCTGT	1
TCTTGACTTTCAGGAAGACC	1
GGCAACTGAGGACTGTACCC	1
GACGTGCGATTTAGTGGTTA	1
GCGGGCGGATTCGGTTGGCA	1
GTATGAATACAGGGACGTCT	1
CAGGCTATCCGGAAAGATCG	1
TGCGGACTGGAGCCGACGGT	1
AGGACTGATAACGCTTGGTT	1
TACGAGTCCGCACAACCCCG	1
TTGCGGTGGAAGCTATCTAC	1
CGAAGGTTAATCTCCAGCAC	1
CATATTGGGCGGTGGGGTGT	1
GCCTTCAGAGGTTTTCGGGT	1
CTTCACTAGGGGGCTGAAAG	1
AACGCCTCCGGATAATATCT	1
TTGTAGAAGGCTCAGTCGTT	1
ATTGGTGTCTTAGCTTCCTT	1
CGTACCCAGCGCGAATCTAA	1
CACAGAAGCAACTAATGTGT	1
ACTTTCGGGTAGACGGCCAC	1
ACGGCCGAATTGCGTAACGA	1
TACACAGCCACGAATAGGCT	1
GATGTCGAAGGGCAGGCCCT	1
GAGATTTTCGAGATCCAGCC	1
AGAAATTATCACCTGATGGC	1
TCCGAACATCGTTTAGGCCG	1
TATTTCCATGGACCTGAGGC	1
TTCTCGTCAAAGGATCTATG	1
GGCCTAAGAACCTTTCTACA	1
GTTGAGTGTCTACCACAGTA	1
CGTGAGATCTCATCGGAAGG	1
GCCGGTGGTACAGCGAAAAT	1
TGTGCGGCCTCAGGCGGCAG	1
AGTCGGCCCCGAGTGTTGCC	1
ATGGCTAAGCGAGAAAGACC	1
ATGATTTAGGGCAAATGTGC	1
GAAATGTCAGTGGAGGATGC	1
CCACCCTAACGGTCTGATGG	1
AAGTTGGTAACCGATTTCAA	1
CATAGCGAAACGAGACTTTA	1
CGTCCAATTAACCATACTCC	1
CCACCTCTCTCAACCTGGCA	1
CCCGTCTGGGCGTGAACCTT	1
GGCTGTGACCTTGCGTATGA	1
ACTAAATATTTAAATTATTC	1
CAACATCTTACCACAGTACA	1
ACTATACCCCGACGCTAACT	1
GACAACACGCTTGCGTATCA	1
GCGTGCAAGTCTCATGTGCA	1
GTCAACGGGGTAAGTCATGC	1
GCTTTTTAACCGCCCGATTC	1
TGCAAACTCGGCGTACTGCA	1
CGTGGCGGAGGTAAATGCCG	1
CACCGAGTCCTTTACACCAA	1
TATCAAGGCTCTTAAGTCGA	1
CCGGGGACCAAGGGCCTCCC	1
CGTCCGAGTGGCGGTAGATT	1
ATACGATTCCTGCCGGGCCT	1
GGCGTTCCGCTTCACTGACA	1
ATGTCAGCCATCGGAAGGCA	1
GCTATTATTCACCCGCAGGC	1
TGCGTCGAAACGTGCGCCAC	1
GCAGTACGCAACTTTAAAGA	1
TACGGCATCCCCAAGGAGGA	1
CCTCTACTTTACCCCCATAT	1
AATACCGGAATCAGTTACAT	1
TCTAATCGAGGTAAGGCACT	1
GGAATATGCTACGTTCAGGC	1
GCAACCTCACACGACTCGAG	1
GGGCGCCGCATGGATCGGAG	1
AAGGAGGTTTTGTGTTAAGA	1
AAGATTGTCTAAAACTTTTC	1
CCTCAGACGCCTAAGCACGT	1
CCAAGGTGAGTTGGTCCCGC	1
GCTGCACATACGCCATACTT	1
TCCCGGCGGATTGACGAGAG	1
GAACGTACTAAACTAGATGC	1
TGATCAAATTTGCTGGATTA	1
CCAAACTTTTGAGCGGCGGG	1
GGGGAGAAAGCTTATTCAAC	1
TAATGCCACAACTGGAGTTT	1
CCCAAGACTTTCGACTTGAA	1
GCTTGAACCGGCATCAGTAT	1
CCTGTTTAGTTTGGTATTCC	1
TTTTGGTCCGTAACCGATCC	1
GGTAATGTACACGTTACTGC	1
CTCCGTCCAAGGTTTCAGTA	1
TCTTGTTGCGAACACACCTA	1
CCCAGGGTATCAAGGGCGGT	1
ACCTCGCTGAAGCGAGCGGC	1
TCCTACGTCGCCTACAAGTG	1
CTAGTAGAATCGGACTGTCG	1
AGATCCCAAGGAGGGGTATA	1
CCGTAAGCTAGTGTAGAGAA	1
AGATGTCGGGGACAGCAGCT	1
TAAGTTTTATCCAGGGAGCC	1
GCATAATGCGTGCTGTTTTC	1
AGTAGAATAGATCAGCGAGG	1
TCCAGCAAACTGGGATACTC	1
GCGCAATGTACCTAGGAGCC	1
CATAATGAGTAGACCAATAG	1
TTCATCGTACTGCTAGCTGT	1
GGATTTATGGTCTACTGTTT	1
TGCGTCGTCGGAAATCAGAT	1
GTGTCAGACAACCAACGGTC	1
GACGGGTGTAATCCTACAAT	1
AGCACCTAGAGCGCGAACAA	1
TACCCACAAGTGGTGAATGG	1
CGCCACCACAGGTTTACAGC	1
AAGTTAAGTACTATCACAGC	1
CGAGCCTTTAATCAAAGAAG	1
TAAATTGGAATGTTTTAGGC	1
AAGGGATCCAAACGGTGTTC	1
TAACCGAGATGGAGAATCCT	1
CAAGTATGCTGCGCAGTGCG	1
GCCTCGTTCATACCTTTGTC	1
TCCTGATGCCATCGGGGTTT	1
TATTTAACAGGGCCCAGGTG	1
CGATCCTATAAATTCTGCTT	1
ACCAAGGCTGACCACCTCTG	1
TCGCCTCGGTGTCTGGTACG	1
CGGAACACGTGCAATCTGGT	1
AAAAAGATTTGTTGAGCGCG	1
GAAACCCCCACTCGACTAAA	1
ATTAACGACGACTATGCCAC	1
TCGCTCTGTGGGCGCTCCTC	1
CGAGGCGTCTAAAGGATAAG	1
AGGTTCTCGGGGGCTATGCA	1
TGCACGGCCACCCGTATGCT	1
CAACCCCCCTATTGCTCTGC	1
TCGAGCCTCCTTGACTACGG	1
GAGTGGCAATGGCCAAATGA	1
TAGTGGATGACACAAGGTCA	1
CCTTATCGATAATCCCCTTT	1
GGGGGTCGTGGCCTACAATG	1
TATTGCACACTAGGCAACAC	1
TAGGCCTCCCCTCGTTTCTG	1
TCACCCGTGGGTTGGTCGGT	1
CTACGAGTTGACTACAGAAC	1
ACTTATAAGAGGGAGGCGCA	1
GTATCAACCGCTGTCATTTG	1
GAATTCACTTGCGTCAGTGC	1
CCTTCGCTTATAACACTGGC	1
ACATGAACCAAACGGCAGTT	1
TGCGCTTATCACCACGACCA	1
ACTATGTGCACCGGGTTAAA	1
CATCGCACAATGGTGTACAA	1
TCAGATACGTCCGTAGGGAT	1
TATGTCTATCTTTCTGGATC	1
GTAAATAAAACTAGGCCTGA	1
GGGGCCTCAAGGTCCTTCAG	1
GTTGCCCTCTGTACCCCTGG	1
GTCTGGGGGCAAGGGGTCAA	1
GCACATCCATGACCGGCGGT	1
ACTCGATCAGTGAGTGTAAT	1
GGAGATTGATTGTCTACTCC	1
ACCGAAGTTTTCCCTCGACA	1
GGAAACGGGAAGCCTCAGGC	1
TGCGGGCCCGGTTGACCATG	1
CTGTCGATCTTTCTTGTTCT	1
CCCACTATGTTATAGATCTT	1
CTATTGGTTTATGTAGCTCT	1
TGTGAGTTAGTGTGGGCAGG	1
TGTTCGCAGCTCACCTCGCA	1
CCAAAATCACTCCGCCCAAC	1
TCTCTAGTCCTAGAGCACTG	1
TGCTCCACTTAAACAATTAT	1
GTTATGCCAGGTCAACCTTC	1
TTTGTCTTGAACTTTCCCCC	1
GCGGGCGTGGCTCGAATCGA	1
TGCCGTGACTATTTGAGTCC	1
TCGTGCGCCTCCATCGTGTA	1
CTAAAAAGCCTACCCGTTTG	1
TGCTTAGACAGTAGGTAATC	1
AGCGGGTAACTTGAGAGTTA	1
AATGCCGAAAGCGCCTCATG	1
GGTCTTTCAGACAAAGAAAT	1
TTGAATTGTTAACGCGTTGC	1
ATTCCGTATTGCCGATTTCT	1
TGCCGTGCCCGGGGAAGACG	1
CATGGCTGTCGAAACGACCT	1
GCTGTTGTTCGCTGGAGCGA	1
GCGTGCGGGACTAGGTCGTG	1
TGCTTCAGGAAACACAGACG	1
TCAGCTCAACTTCATCATGA	1
CGATCAAGCCGAATAATACC	1
CGGGATCAAATGGGAAATGC	1
TCAGATGCGCAATAGCCTAC	1
GTGACCGAGTGAGTTGCTTA	1
ATTGTGCGGCCCAACAGCGC	1
CGACTGGCGGGAACCCACAA	1
GAAAAGTAACACGAGGTTGT	1
TAGGGGAAAGTTCGTTTTGT	1
GGGGATCCGCTCTCGGAAGG	1
ATTAAACGAGAGCGTCCCGA	1
ATTAACGGGATGTAGCGGCG	1
TGTAGATTCCAGCAGCATAC	1
CAGACTATCACTTTAATATG	1
TTAGGAACTTAACAAGTAGT	1
GCTTGATGAACGTAATCCGG	1
CGCCGATTGATCGCTGGAAA	1
CTTCGGAATATTCGGCCCGG	1
GATGGCGAGCTGAGGGCACA	1
TAGCTTCGGTAGGGTTTCAC	1
TAAATGATGGACGCGCTGTA	1
GTAAACTGGAAGGTCGACAC	1
ACTGAAGCTGAGATAAACAT	1
CTTAAAAATAGCCATAGCTT	1
CTCCTGCATTGCGTTATATG	1
GAACTGGAAGGATGCCACAA	1
GCACTCTACGCGCTGAAAAC	1
CGTACTTTGAATCATGGGCA	1
GTGGTTATTGCATCTACAGT	1
TACCGATAAAGAAGAGTCGG	1
CCGTATATTTCGGTGACAGA	1
ACTTCGTGCCGACTATTGTG	1
GAAACCATTAAAGCGGCTTA	1
TGATTCAAAGTGTTCGGCTC	1
CTCGTAGCGTCACTCGCCAC	1
GACTCCGGAGCCCCAACTAG	1
CGGCGCCAGGGGTATGGGGG	1
TGTGGCTACCCCAACTCCAG	1
GGTTCGTTCCGAGTAAACCA	1
GCGCCTTTCGCGCCACGGAG	1
CATGTGGTCTGAAGTGCGTT	1
CCAAACACTGACCCCGGCTC	1
CACGCGATAACGCACGGTGA	1
GAAGGTATCACTGGGACGGC	1
AAGTGGTTACCTGCGATACA	1
CCTTAAACTCCACCACTCGC	1
CCGCCACAGTAAGCCAGAAG	1
TATGCCTCTTACGCGCCTCT	1
CTCGTGATGCCGTTATTTGG	1
TAAGGCAGTGATCGGACTGA	1
AGTGTCATCAATGTGAGGGC	1
AGAATTGGGGAAACCTAAGC	1
GCCTAACGCTATACCTCTGA	1
TTATGCTAAGCTCGTATGTG	1
TCTGCGCTGGTCCGGGAGTC	1
GCGATGTGCCGTTCCGCTTT	1
TATAAATGTGGAACTTCCAA	1
CTGAGATGGCGGCAACCCAC	1
GGACCCTAGATGTGTCTCGA	1
GAGGGGAGAACACTTTTAAT	1
GTATAGAAGCAGCCATAAAT	1
GTATGAGAAAAAATAGACTC	1
ATTCTCACGGGGACCTAAGA	1
CTATTATTGCATTATTCAGG	1
AGCGTAGCCGCGCGTACCGA	1
CCGCATAAAGACCATATAAG	1
CTAGTGCGTTTTTCCTGTTG	1
GCGAGGAAAGGTCGCTCTTA	1
GCATGGTCAGTAGACTTATG	1
ACTACGGACGGTGCAATTCT	1
AACTGTGCAACGATAATTAG	1
CCCGGGTCTCATATGGCCCG	1
AGAAACCGAAGGAATCGTAG	1
ACCAACCATACAAATAGAGC	1
TACTGACCCCACGTTGAGCA	1
CAATCTTGGGAAGATTCGAC	1
GTATGACTCAAGTCCAGGCG	1
TGTTCCCATAACAGACGTCA	1
GTCTAGAGCAGACCCGCCGC	1
ACCCCAACCGTTATATTAGG	1
CAAGATTTTGGCCCACCCGC	1
GAGTCTAACGGGGCTGAATC	1
CATGGGTTCTGAATGAGCAT	1
GTTAGACCGATTGTGTGACA	1
AATACTTTTCTCGTAGAACT	1
GACATTGTGTCACAACCCCA	1
CGAATTACGCTTCAATTGGG	1
ATCTAAGCAACATCGAGTTC	1
TTTCATTCTTCCCCACGAAG	1
GGGTGCTCTAGAGCCGACAC	1
CGACACTCTACTTCAGTGGT	1
GGTCTTTATCATCAAGCCTG	1
TGTTAAGACCCCGGCCTTAA	1
GTTCACTATTTATACTGCCT	1
TCAGGCTCACGCGACGTATT	1
CACCATTGACGCGCAGTATC	1
AACCCATTGCCTGTACCTCT	1
TCGTTGCCTCAACTATTGGG	1
AGCTGTGATTCGTTTTTAGC	1
GGAGATTCTGCACTCCTCCA	1
TGGGGATTCCGTTTTGTACT	1
GAATGGACCCAAGTGTAGAC	1
ATCTAATTTACAGAGAATAG	1
GCAATTCCCTATGATATAAT	1
CATAATGCGACCTCAGGACC	1
ACTGTACATAGACTCTGGAA	1
CCCACACTCCCCCTATGGAG	1
ACACTGAATCACCTTTACAA	1
TAAGACGTGCAGCTTCGACC	1
GATGCTGGGCTGGTTGCGTC	1
ATCAAAGATCATAGCCTTAG	1
ATATATTCACAACCTGAGTT	1
TACTAGGGGGGTGGTTACGG	1
GCCATACGTCAAGGGTACAC	1
GTCTTATCTAATGGGGTGAG	1
CGATTCTTGAGGATCGTCTA	1
ATGCAGTTTTTTAAGTCCTA	1
CCAGTAAGAGTTTCCGTTTT	1
TTGCCGATATGAATCATTGT	1
GCATCTGCAAAACCCGCGAT	1
TGCAAGATTCAGAAGACTTA	1
GACCTTTCATTTCTTGCCTC	1
AAAATCCGCACACCCAGAAG	1
TTTATTTGATCTGCTGTTGT	1
ACACTAAAGTCGACATGTTC	1
GGCCATCAACGGCGCGTGCT	1
GTCCGGCCCTCCCGAGCCGT	1
CAACACTCCAGTACAGAGAG	1
CCCAGTTCACTTATGAACGA	1
CCCATCCTAGTCTAGTCAGA	1
CGATGGGTAAGGCTTAGGAT	1
GGAAAGCGCGACGGATGCCA	1
AACTGCAGCTTAACGAGTCG	1
TTATATGGGAAGTTGCGGAG	1
AAACGCGGAACTGGGGCAAG	1
CGTAAACTCGATCCCAAGCA	1
CTGTTTACTGCGTCGAATTC	1
CAACCCCACTAAGTGTGGGG	1
GTTTACGATGTCTTCGAAAA	1
GCCACCCTCCACTACGACAA	1
ATGAATTATCAAATTACTGG	1
GAAAGGAATAGAGCGGGTCC	1
GCACCGTATTGCAAATTGTC	1
GCCCTAGAAACATGGAGGTA	1
AAGGCACCAGTAACCTCTAA	1
ATGTATTTCGCCGCGAAAGA	1
GGGTCAAATGCAAACAGAGC	1
GCGCAAATCTAGGGCACACA	1
TAGGTCGCTATTCGAGTTAA	1
GAATACTGCCGATACTGCCT	1
GCCGAGCAAATAGGTTGTCC	1
CTCGCGGGCGCTTTGCTTCA	1
CTCGCTTATGCAGGATGGGT	1
GCAAACCGGTCGACGACCGC	1
TCACTAACGTCTAATACCCG	1
TAGATATTCTCAGATAGAGG	1
GGAGAGTAGCCACGAGTAAA	1
GAAGGACGGACACAAAGGGT	1
AGCGCTTCAAGTGAGTTTCA	1
CCTTTCGAGCATAGAGTTAG	1
CAGCCTGTAAGCAGGGAGTA	1
CCGTTATGGACAGGGACACT	1
ACCATTGGGGCGGAACAAAC	1
CCATGTTGATTACTCCGATG	1
GTTGCCAGGCGGCACTTGGG	1
GGCAGCGTCCAGCATGTGCC	1
TGTGCATGGCCCGACTAGTA	1
CTCACAACAGATTAAACCGG	1
CACCTTGAGGTGGGTAATAC	1
CGCGATCCATCAGATAGACA	1
TGGCAAGGGCCTTTTTACGG	1
TGTAAGAGTGTTAAGTTGCT	1
GCCTAGGCCAAAGATAACGG	1
TGCCATACAGTCGACACATC	1
ACCCCAAATTACATACATTT	1
TCCAGCAGCGATGAGAATAC	1
TGGTTACATATAAGTATGAA	1
AGTTAGGATTCCGAATGGTA	1
GTATAGTGTTAGCTTAGTAT	1
GAGATGACCGCACAAGGGCC	1
TGAAATAGGTACGGTATGAC	1
TGCTCCACCGGTAGCAGTTA	1
GTCTGTGTTACTTCAAGAGG	1
CACCCTGATTGTTCACCGTC	1
GGTACGCATAACCGGGCAAA	1
GTACATTGTCAGAAGGGAAA	1
TTTCCAATCCCTTACAACCG	1
CTTGAGTGCGTTTACGATTT	1
GCTCTAGGGAGGCATGAGGC	1
GTTTCCAACAAATGTTCCCC	1
CTGACCAGTTTTATGTTGAT	1
GTGATCTTATCGCTCTCACG	1
TAGCGTACTCATTGAGATTG	1
AGAATAGTCAGGGTCTTCGA	1
ACTAGCTTCTACTTTCCCTC	1
GTTCCATCAGCGCTACGTGG	1
TAGCACGTATGAGGTCCCGG	1
GTTCGACTTGATCCCCCCTC	1
TCGGGGCGGCGGCTATGTGG	1
CACGAAGTGGCAACTTACGA	1
AGAGGGTTCCAACATCAATA	1
AGTCCCTGGTGTGATGATGT	1
ATTCCGCCTTAACGTCTAAG	1
GACGTTCATGGCAACCGCGT	1
TACCATTAGACCGGAACAAT	1
GGATCAAGGCATAGAGTTGT	1
CCGTCCAGTGCTGGAAGTGC	1
CTGCCTGCCGAAGCTGGAGT	1
GCTACTATGGAGACGCGATC	1
CGGTACCAACCTGCTGACGT	1
GGTTTGATTAGGTCTAGCTA	1
GGGAGACTGCATTAACTCGT	1
CGATACGGTGCCAGTCACTC	1
CATATTGAGCTTCCCTGGTG	1
CAGGGGTAGGCTAGGTATAC	1
CGGACAAGTAGTCAAGTCCC	1
GATACGTCGGGTATTCGTTT	1
AAGTACCGATCGCCAACAAT	1
ATCGGTCCTGCACGCGAGCG	1
GGTAAATGATTGTAGCTTCT	1
CTCTCAGAGTCGCATACTCG	1
AGACACATCATTTGCGCGGT	1
GAAGTATTTTCGTCGACTCC	1
GCCCGAAATACGCCATTTGT	1
CTAGTTGGATATTCCAAACG	1
ACGGGAGGGTATAGATGCCA	1
TGTGCTCCCATGGCTGGGGG	1
AAGTCCTAAAGCCAAGCAGG	1
AGCCACGTGCTGGTGTTTCC	1
TTAGTATCGAGCTAGAGACA	1
CGGATTTTTTTTGGGCAGTG	1
GGTGTGGCGTTCCCTTGACC	1
CTTCCCACTGAAGCGTCTTA	1
TTGCCATGTACACAACATGG	1
GCAAAGAGGGTGACTTCGGA	1
TTAAGGATCCGTGTTTCTAG	1
GCGGAGCCGCCGGGACGACA	1
TTGGCTCACAAAAATTAGTC	1
CTATGCACGGCTTTTACGCC	1
AATTGATACCTTCCTAGCAA	1
GCCGCCGTGACTGAGATGGT	1
GAAAGGGGCCCAGCTTTGGA	1
GAAGATCAATGCCCACTCGT	1
AACTCCCCCGGAGCCCCAAG	1
CTAGATCTACAGAGTCGGGC	1
TCGTATGTGTGAACGATCAC	1
CCTCAAATTCTAGCTACGCA	1
TCTGGGAGTCTCTCCCTGTA	1
GACTCGTTCTAATGAGCCGG	1
CCCTGGTTAGGCATACCGTG	1
CCCGTTCGCGGCTCGGGGCG	1
TCGCATTTCATGACGCAAAG	1
TGGGTGACACGCCGATCGTA	1
CATCCGTCGCTGTTCCCTCA	1
GTCGATCACGCAATACGTGG	1
GTTTGTATCCATGCAACCCA	1
TTCATGTCATGTCGTTTGTG	1
GGTAACGTTCACTATAGTTC	1
ATGCTACTACACTCCGGCAA	1
TTTTATATTGTCTCCTTTGA	1
CAATGCGGCGCGTCCCTTGG	1
TGTGGCAACCATTTACTCGC	1
TCTATAGTCCTCTCTAATCA	1
TCCGACCCTTTTGCTGTACT	1
ACGCGTGCAGAATTGGCAAG	1
GGGCGTCAATCTCATTTGTA	1
ACCGGGCCGGTCCCTTAGGC	1
CCAGGAGACATTTACACGCC	1
TAGACCGTAAACGACTGATT	1
ATCCATGGTTCACCCGTTTT	1
CCACATATACCCCCACAACA	1
TTTACGGCCACTGCTCCTAT	1
AACGGATGTCGAGTTCTGCG	1
TCAGGTAGAATCCGTTCGCA	1
CTGTACCAACATTCACTACG	1
CTGTATTGATATGGCAGTGG	1
ACGTATAACGATGCACCGCC	1
CAACACCTTGAGATCCGAGA	1
CCCATGCTCGAAGCATTATG	1
GGCCCCACCCAAACGCTTTG	1
GAGCCAGGATGATGCTAAAC	1
GGTCTCAGGCAATATCACTT	1
ATGACACCCTACTGCTAAAC	1
GCTTAGCTATGCGTCCAATC	1
CGTCAATTTGACTCAAATTG	1
CTATTTGGTAGGCACTGGGT	1
ATTCACGTGGGTATGGAACT	1
TTCCCGAAAGTGGAATCTCC	1
GCGGTATCCAGGATAACCGA	1
CCTATATTTGGTCGTATCAA	1
TGTAGTCTCGGGGGTGCAGC	1
TTAATACCTGCCCGGCGCCT	1
CAACAATCACCGATTATTGA	1
CACTCGGAGTGGCCCTCTTA	1
CATTATAATATTTGCCATTC	1
TAAACGACGCTTTGGTGCGT	1
GATCGCCCGAAAGCAGCCGG	1
CGACATTATCAGCATGAATG	1
CTGTCATAGGATGGGAGGGA	1
AGAGCCACCGGATCATTGGG	1
AGGCCCCGGAACCCTATATT	1
GTGCGTTTGTCGTTACGTAT	1
GTATTTATCGCCTTGTATCC	1
TGATCGTCTGTGTGGGTTAA	1
GGACCCTGGGCATATGAGCG	1
GGGGAAGCTGTAGGCGAGAG	1
CCATCGAGACCCATGGGGGC	1
