reference,read_count
A0A851GMR4|UNREVIEWED|DIHYDROFOLATE,22
Q7W1B0~cp3,16
A0A353D2R5|UNREVIEWED|DIHYDROFOLATE,11
A0A1H4DJS8|UNREVIEWED|DIHYDROFOLATE,10
A0A840TXI9|UNREVIEWED|DIHYDROFOLATE,9
A0A059X717|UNREVIEWED|DIHYDROFOLATE,9
P0ABQ4~cp10,9
A7HVX5_PARL1,9
A0A3Q8F671_9PROT,9
A0A1S2M327|UNREVIEWED|DIHYDROFOLATE,8
F8UVU7|UNREVIEWED|DIHYDROFOLATE,8
A0A3D4VQY2|UNREVIEWED|DIHYDROFOLATE,8
2710530931,8
2597126527,7
A0A7Z9H7Y7|UNREVIEWED|DIHYDROFOLATE,7
A0A0N0M7S8|UNREVIEWED|DIHYDROFOLATE,7
A0A0G0FJ94|UNREVIEWED|DIHYDROFOLATE,7
2889565980,7
C1D068_DEIDV,6
A0A2A4Y9A4|UNREVIEWED|DIHYDROFOLATE,6
A0A377IW81|UNREVIEWED|DIHYDROFOLATE,6
A0A6L3F445|UNREVIEWED|DIHYDROFOLATE,6
A0A059XAH7|UNREVIEWED|DIHYDROFOLATE,6
2705634352,5
2525113454,5
A0A7I9VAY9|UNREVIEWED|DIHYDROFOLATE,5
A0A0A0EL08_9GAMM,5
A0A3M0LSR3|UNREVIEWED|DIHYDROFOLATE,5
A0A2A5H0W8|UNREVIEWED|DIHYDROFOLATE,5
A0A2G9Z3T2|UNREVIEWED|DIHYDROFOLATE,5
P0ABQ4_W30R~cp5,5
2514088762,5
A0A1H7ABC8_9BACT,5
A0A1F6ZK63|UNREVIEWED|DIHYDROFOLATE,5
J9G207|UNREVIEWED|DIHYDROFOLATE,4
A0A4Q2EEZ2_9ACTN,4
A0A5D8YJC3_9SPHI,4
A0A2A1ZR48_9BACT,4
A0A4S2M2A7_OPIFE,4
A0A7Y0DXN7|UNREVIEWED|DIHYDROFOLATE,4
2732289198,4
I0ALG2_IGNAJ,4
A0A1H6YVK4|UNREVIEWED|DIHYDROFOLATE,4
A0A1V6CYN4|UNREVIEWED|DIHYDROFOLATE,4
2830803811,4
2842026846,4
A0A2S7N4J8|UNREVIEWED|DIHYDROFOLATE,4
A0A2E2W7S1|UNREVIEWED|DIHYDROFOLATE,4
A0A6P0Z0T3|UNREVIEWED|DIHYDROFOLATE,4
A0A133Y1E5_9BACT,3
A0A318KUM0|UNREVIEWED|DIHYDROFOLATE,3
A0A4Y9T0L7_9BURK,3
A0A4Q4C0C7_9MICO,3
A0A2R7KTA5_9SPHI,3
B0TUI5|UNREVIEWED|DIHYDROFOLATE,3
2752681149,3
A0A2E0QDQ0|UNREVIEWED|DIHYDROFOLATE,3
R5FWW4_9FIRM,3
A0A2H0N698|UNREVIEWED|DIHYDROFOLATE,3
A0A5S9MT33|UNREVIEWED|DIHYDROFOLATE,3
A0A6G0UGG2_9BILA,3
2806748901,3
P0ABQ4_D27E~cp4,3
2938648615,3
A0A7V9Q7G2|UNREVIEWED|DIHYDROFOLATE,3
A0A0M2R9S8_9PROT,3
2940309490,3
A0A5J5L4S2|UNREVIEWED|DIHYDROFOLATE,3
A0A5M8FVT9_9GAMM,3
A0A4Q3RKB5|UNREVIEWED|DIHYDROFOLATE,3
2620024422,3
A0A353IR80|UNREVIEWED|DIHYDROFOLATE,3
A0A1I1JL85_9SPHI,3
A0A7C8CSK0|UNREVIEWED|DIHYDROFOLATE,3
2830699106,3
A0A8E4GKD6|UNREVIEWED|DIHYDROFOLATE,3
A0A1X1MLC5_9VIBR,3
A0A1L3ZWM8_9SPHN,3
A0A892ZET7|UNREVIEWED|DIHYDROFOLATE,3
A0A4Q3MEY5_9CHLR,3
2900465030,3
A0A249Q830|UNREVIEWED|DIHYDROFOLATE,3
A0A851I6G0|UNREVIEWED|DIHYDROFOLATE,3
F4KXP6_HALH1,3
A0A7G9QR79|UNREVIEWED|DIHYDROFOLATE,3
A0A3S0V2B9|UNREVIEWED|DIHYDROFOLATE,3
A0A2N4UCG0_9BURK,3
2836460007,3
A0A2W5DXV9|UNREVIEWED|DIHYDROFOLATE,3
A0A1T4KNV8_9BACT,3
A0A2L2WR07|UNREVIEWED|DIHYDROFOLATE,3
A0A085L127_9FLAO,3
A0A4U8QL49|UNREVIEWED|DIHYDROFOLATE,3
A0KNL5~cp3,3
A0A0F9QPQ6|UNREVIEWED|DIHYDROFOLATE,3
A0A134ACK5_9FIRM,3
A0A7V3QWA6|UNREVIEWED|DIHYDROFOLATE,3
A0A7Y3DDH6|UNREVIEWED|DIHYDROFOLATE,3
A0A535QF32|UNREVIEWED|DIHYDROFOLATE,3
A0A8F0PNY0|UNREVIEWED|DIHYDROFOLATE,3
A0A6N7VSK8|UNREVIEWED|DIHYDROFOLATE,3
Q8PP44~cp3,3
A0A5E4JWC1|UNREVIEWED|DIHYDROFOLATE,3
A0A5C7UHU3|UNREVIEWED|DIHYDROFOLATE,3
A0A257CVW4_9BURK,3
A0A4Q9KLS2_9ACTN,3
A0A834B496|UNREVIEWED|DIHYDROFOLATE,3
A0A6I6C939|UNREVIEWED|DIHYDROFOLATE,3
A0A0R1GPB0_9LACO,3
2778120778,3
A0A847P8S9|UNREVIEWED|DIHYDROFOLATE,3
A0A167EXK1_9FLAO,3
A0A5N5XTT3|UNREVIEWED|DIHYDROFOLATE,3
A0A2C9L0U7|UNREVIEWED|DIHYDROFOLATE,3
2705705147,3
A0A421CSV5_9EURO,3
A0A382G9H2|UNREVIEWED|DIHYDROFOLATE,3
A0A4V6X192_9BACT,3
A0A7V2F0Z4|UNREVIEWED|DIHYDROFOLATE,3
R6NF39_9CLOT,3
A0A2N1HXP8|UNREVIEWED|DIHYDROFOLATE,3
A0A418TAG3|UNREVIEWED|DIHYDROFOLATE,3
2820902277,3
A0A7Y4XUS0|UNREVIEWED|DIHYDROFOLATE,3
2753556942,3
A0A2E7MWP6|UNREVIEWED|DIHYDROFOLATE,3
A0A7G8Z9Q0|UNREVIEWED|DIHYDROFOLATE,3
A0A1G6KHD9_9ACTN,2
2616652615,2
A0A2D6KBZ4|UNREVIEWED|DIHYDROFOLATE,2
A0A1G1KBM7|UNREVIEWED|DIHYDROFOLATE,2
A0A6F8TUZ2|UNREVIEWED|DIHYDROFOLATE,2
A0A059X3F6|UNREVIEWED|DIHYDROFOLATE,2
2895277161,2
A0A059WX84|UNREVIEWED|DIHYDROFOLATE,2
A0A353L0I7|UNREVIEWED|DIHYDROFOLATE,2
A0A2D5YIH5|UNREVIEWED|DIHYDROFOLATE,2
A0A2S2CNT6_9PROT,2
A0A501PBX5_9PROT,2
2632148530,2
A0A7S9Z8Q6|UNREVIEWED|DIHYDROFOLATE,2
A0A350R0L9|UNREVIEWED|DIHYDROFOLATE,2
A0A7D6CS37|UNREVIEWED|DIHYDROFOLATE,2
A0A373S573|UNREVIEWED|DIHYDROFOLATE,2
A0A1B4XX05_9CAUD,2
A8RBH0_9FIRM,2
P0ABQ4_folA_esm1b-from-right_v2~cp2,2
A0A5R8KHJ3_9BACT,2
A0A1M6VTH2|UNREVIEWED|DIHYDROFOLATE,2
2642774277,2
A0A0M4HFU7|UNREVIEWED|DIHYDROFOLATE,2
A0A7X5FDC2|UNREVIEWED|DIHYDROFOLATE,2
A0A1I2AI36_9FIRM,2
A0A3M2AL62|UNREVIEWED|DIHYDROFOLATE,2
A0A3L7JYJ1_9BACI,2
A0A7X7G8X8|UNREVIEWED|DIHYDROFOLATE,2
2887563143,2
V9TWF1_9PROT,2
A0A4Q3PK31|UNREVIEWED|DIHYDROFOLATE,2
A0A4D7CQU5_9ENTE,2
A0A059XDP3|UNREVIEWED|DIHYDROFOLATE,2
E9US16|UNREVIEWED|DIHYDROFOLATE,2
A0A812V6N0|UNREVIEWED|DIHYDROFOLATE,2
2523777741,2
A0A1F7G8L4|UNREVIEWED|DIHYDROFOLATE,2
2523304867,2
A0A2D6MJG5|UNREVIEWED|DIHYDROFOLATE,2
A0A1I4S8H6_9BURK,2
A0A1L3GGB2_PELAE,2
A0A2E2NLP9|UNREVIEWED|DIHYDROFOLATE,2
2891034554,2
A0A448YS85_BRENA,2
A0A8B7KVE3|UNREVIEWED|DIHYDROFOLATE,2
2616868408,2
A0A536ZIB0|UNREVIEWED|DIHYDROFOLATE,2
M7AXP5_CHEMY,2
2935962149,2
2820068791,2
2838789483,2
A0A8B7NCY9|UNREVIEWED|DIHYDROFOLATE,2
2525881980,2
A0A8D7ZTE3|UNREVIEWED|DIHYDROFOLATE,2
2800545726,2
A0A2E6SQY7|UNREVIEWED|DIHYDROFOLATE,2
A0A1V5VW57|UNREVIEWED|DIHYDROFOLATE,2
H0BU54|UNREVIEWED|DIHYDROFOLATE,2
A0A447SUX1|UNREVIEWED|DIHYDROFOLATE,2
A0A2W4ZXS1|UNREVIEWED|DIHYDROFOLATE,2
2928294862,2
A0A1F8SSC8|UNREVIEWED|DIHYDROFOLATE,2
A0A7X8VZX7|UNREVIEWED|DIHYDROFOLATE,2
P0ABQ4_A26T~cp7,2
H1HLU9_9BACT,2
A0A8A2UWX8|UNREVIEWED|DIHYDROFOLATE,2
A0A5C9EV15|UNREVIEWED|DIHYDROFOLATE,2
A0A8E6CI35|UNREVIEWED|DIHYDROFOLATE,2
A0A4R2PSH6_RHOSA,2
2906784792,2
2806827353,2
A0A1G7DC53|UNREVIEWED|DIHYDROFOLATE,2
A0A059X6K1|UNREVIEWED|DIHYDROFOLATE,2
A0A7L6N2G9|UNREVIEWED|DIHYDROFOLATE,2
A0A2T0MJN9_9FLAO,2
A0A4R3MR75_9GAMM,2
A0A1G5FYX2_9DELT,2
A0A4P6YWK4_9LACO,2
J3TGI3_9ENTR,2
2831863223,2
2672575168,2
A0A2N5MKS3_9BACI,2
A0A3M1J673|UNREVIEWED|DIHYDROFOLATE,2
2684616595,2
2828510914,2
A0A095XM74_9FIRM,2
2775479276,2
A0A7C7L562|UNREVIEWED|DIHYDROFOLATE,2
A0A369CH73_9GAMM,2
A0A0G0CF70|UNREVIEWED|DIHYDROFOLATE,2
A0A059XFT0|UNREVIEWED|DIHYDROFOLATE,2
A0A288GVZ0|UNREVIEWED|DIHYDROFOLATE,2
A0A2E7ZXR2|UNREVIEWED|DIHYDROFOLATE,2
A0A1H5XAV3_9BRAD,2
2784232699,2
A0A098BZ58_9BACT,2
A0A059X965|UNREVIEWED|DIHYDROFOLATE,2
A0A840A0Z2|UNREVIEWED|DIHYDROFOLATE,2
2928412708,2
2894446519,2
A0A3N9PAP8|UNREVIEWED|DIHYDROFOLATE,2
A0A2H0KA74|UNREVIEWED|DIHYDROFOLATE,2
2574186158,2
A0A7D7ZMT1|UNREVIEWED|DIHYDROFOLATE,2
A0A1G8DW69_9BACI,2
A0A7X5CYQ5|UNREVIEWED|DIHYDROFOLATE,2
A0A8F6DVF7|UNREVIEWED|DIHYDROFOLATE,2
A0A371B5C1_9SPHN,2
A0A3B0TFS5|UNREVIEWED|DIHYDROFOLATE,2
A0A7Y4Y542|UNREVIEWED|DIHYDROFOLATE,2
A0A7T9EV24|UNREVIEWED|DIHYDROFOLATE,2
A0A496KA99|UNREVIEWED|DIHYDROFOLATE,2
A0A0J1FT23_9BURK,2
A0A1F7BS07|UNREVIEWED|DIHYDROFOLATE,2
2710497880,2
A0A316H1T9|UNREVIEWED|DIHYDROFOLATE,2
A0A7X7CZ76|UNREVIEWED|DIHYDROFOLATE,2
A0A2E1KVT1|UNREVIEWED|DIHYDROFOLATE,2
A0A1X1UWK9|UNREVIEWED|DIHYDROFOLATE,2
A0A3N5ZK08|UNREVIEWED|DIHYDROFOLATE,2
A0A6C0LFJ0|UNREVIEWED|DIHYDROFOLATE,2
2717848616,2
A0A532T3N6|UNREVIEWED|DIHYDROFOLATE,2
2795406346,2
A0A6G7TN00|UNREVIEWED|DIHYDROFOLATE,2
A0A7K3VXX3|UNREVIEWED|DIHYDROFOLATE,2
2799133280,2
2758136394,2
P0ABQ4_folA_esm1b-mask-all_v2~cp3,2
A0A162Q317|UNREVIEWED|DIHYDROFOLATE,2
H3EJE5_PRIPA,2
A0A4U0FGX8_9BACL,2
A0A2G6D0G4|UNREVIEWED|DIHYDROFOLATE,2
A0A7X6S262|UNREVIEWED|DIHYDROFOLATE,2
A0A1H9RWK4_9LACT,2
A0A1X7JX92|UNREVIEWED|DIHYDROFOLATE,2
2710275419,2
A0A6B3WB20|UNREVIEWED|DIHYDROFOLATE,2
2839789836,2
A0A099BUW8_9BACT,2
2582624013,2
A6M379~cp1,2
E3PVD8_ACESD,2
A0A1B2IBQ4|UNREVIEWED|DIHYDROFOLATE,2
A0A6G8J801|UNREVIEWED|DIHYDROFOLATE,2
2627337552,2
A0A6I3JEL1_9ACTN,2
A0A7Y8N608|UNREVIEWED|DIHYDROFOLATE,2
A0A3C0BIF6|UNREVIEWED|DIHYDROFOLATE,2
A0A2E0TLR8|UNREVIEWED|DIHYDROFOLATE,2
A0A3S0FYA0|UNREVIEWED|DIHYDROFOLATE,2
A0A3B8PZI5|UNREVIEWED|DIHYDROFOLATE,2
2885688979,2
2524953501,2
A0A2E1ZH83|UNREVIEWED|DIHYDROFOLATE,2
A0A7Y6Y258|UNREVIEWED|DIHYDROFOLATE,2
W6M1W4_9GAMM,2
A0A420WHA1|UNREVIEWED|DIHYDROFOLATE,2
A0A3M8LPR0_9MICO,2
2848344029,2
2619976302,2
A0A2E1W5V3|UNREVIEWED|DIHYDROFOLATE,2
A0A1W9VK21|UNREVIEWED|DIHYDROFOLATE,1
A0A3N2DHI0_9GAMM,1
A0A3D9AUX2|UNREVIEWED|DIHYDROFOLATE,1
A0A5C8B975|UNREVIEWED|DIHYDROFOLATE,1
A0A4V1LFJ8_9LACO,1
2562059844,1
A0A7X6VQI5|UNREVIEWED|DIHYDROFOLATE,1
A0A1V5FWR0|UNREVIEWED|DIHYDROFOLATE,1
2753066563,1
A0A1Y3Y3S7_9ACTN,1
A0A4R6U1P1_9GAMM,1
A0A1D8SE32~cp1,1
2800808264,1
A0A7V3UDJ8|UNREVIEWED|DIHYDROFOLATE,1
B1ZSC9_OPITP,1
A0A838VCV4|UNREVIEWED|DIHYDROFOLATE,1
2717851820,1
A0A512BLJ6_9RHIZ,1
A0A2D7TB28|UNREVIEWED|DIHYDROFOLATE,1
A0A8C3USG7|UNREVIEWED|UNCHARACTERIZED,1
A0A3M0WU86|UNREVIEWED|DIHYDROFOLATE,1
A0A5C9BQS0|UNREVIEWED|DIHYDROFOLATE,1
A0A059XD63|UNREVIEWED|DIHYDROFOLATE,1
P0ABQ4_folA_esm1b-mask-all_v2~cp6,1
A0A0G0JSX8|UNREVIEWED|DIHYDROFOLATE,1
A0A6G9PY02|UNREVIEWED|DIHYDROFOLATE,1
2752648714,1
A0A258LJI6|UNREVIEWED|DIHYDROFOLATE,1
A0A1B1SBZ2_9BACT,1
A0A2D5N6F5|UNREVIEWED|DIHYDROFOLATE,1
2619945418,1
A0A448KK96|UNREVIEWED|DIHYDROFOLATE,1
2788961960,1
2886535765,1
A0A059XC63|UNREVIEWED|DIHYDROFOLATE,1
2884880677,1
A0A5D0W565|UNREVIEWED|DIHYDROFOLATE,1
A0A7V7AA53|UNREVIEWED|DIHYDROFOLATE,1
P0ABQ4_folA_esm1b-mcmc_v2~cp4,1
A0A2D7V388|UNREVIEWED|DIHYDROFOLATE,1
A0A059X3X0|UNREVIEWED|DIHYDROFOLATE,1
A0A8E8EUZ5|UNREVIEWED|DIHYDROFOLATE,1
A0A059X5K8|UNREVIEWED|DIHYDROFOLATE,1
A0A0X8PQB6|UNREVIEWED|DIHYDROFOLATE,1
P0ABQ4_folA_msa-trans-mcmc_v2~cp3,1
2792594149,1
A0A2M7HBE9|UNREVIEWED|DIHYDROFOLATE,1
A0A3S8ZS10|UNREVIEWED|DIHYDROFOLATE,1
A0A7I7VAK0|UNREVIEWED|DIHYDROFOLATE,1
A0A3S0VSU3|UNREVIEWED|DIHYDROFOLATE,1
A0A0S9RCC3_9ACTN,1
A0A0R1WKV1|UNREVIEWED|DIHYDROFOLATE,1
2619622396,1
E3DLF6_HALPG,1
A0A098G1C6_9GAMM,1
A0A838UMJ0|UNREVIEWED|DIHYDROFOLATE,1
A0A3G9JY02_9ACTN,1
A0A4Q5W0P2|UNREVIEWED|DIHYDROFOLATE,1
A0A1F6DFP6|UNREVIEWED|DIHYDROFOLATE,1
K7YHD9|UNREVIEWED|DIHYDROFOLATE,1
A0A285VU84|UNREVIEWED|DIHYDROFOLATE,1
A0A4Q5S623|UNREVIEWED|DIHYDROFOLATE,1
2587060440,1
2889571179,1
B8EQ73_METSB,1
A0A892P3M5|UNREVIEWED|DIHYDROFOLATE,1
A0A2D6UF77|UNREVIEWED|DIHYDROFOLATE,1
A0A533SBT9|UNREVIEWED|DIHYDROFOLATE,1
A0A1V2M8X0_9FIRM,1
E4PYV0|UNREVIEWED|DIHYDROFOLATE,1
A0A8A3BTN3|UNREVIEWED|DIHYDROFOLATE,1
A0A059X079|UNREVIEWED|DIHYDROFOLATE,1
2885654603,1
A0A0H4IN99_9CAUD,1
R5U0R4|UNREVIEWED|DIHYDROFOLATE,1
A0A2A7EEH2|UNREVIEWED|DIHYDROFOLATE,1
A0A521CSP7_9BACT,1
A0A7X8F118|UNREVIEWED|DIHYDROFOLATE,1
A0A4U1BU58_9SPHI,1
A0A1L8N1H8|UNREVIEWED|DIHYDROFOLATE,1
A0A661ZY56|UNREVIEWED|DIHYDROFOLATE,1
A0A059X627|UNREVIEWED|DIHYDROFOLATE,1
G2Z5E0_FLABF,1
A0A7T9CSF4|UNREVIEWED|DIHYDROFOLATE,1
A0A4D6Y486|UNREVIEWED|DIHYDROFOLATE,1
U2QJQ9_9FIRM,1
A4BS77_9GAMM,1
A0A1G5N662_AFIMA,1
A0A2E7VLV3|UNREVIEWED|DIHYDROFOLATE,1
2840179792,1
2806754294,1
A0A3D5KZN9|UNREVIEWED|DIHYDROFOLATE,1
A0A7C3HY51|UNREVIEWED|DIHYDROFOLATE,1
2794497522,1
A0A8C6WUQ6|UNREVIEWED|DIHYDROFOLATE,1
A0A498DTR3_9BACI,1
A0A059WSW6|UNREVIEWED|DIHYDROFOLATE,1
I2BFU6_9VIRU,1
A0A4Q3MRD9|UNREVIEWED|DIHYDROFOLATE,1
2705622793,1
A0A7Y9WVV6|UNREVIEWED|DIHYDROFOLATE,1
A0A4P7QGT3_9CORY,1
A0A1J5M339|UNREVIEWED|DIHYDROFOLATE,1
2806882669,1
A0A385N075|UNREVIEWED|DIHYDROFOLATE,1
A0A4V1R0Z2_9BACL,1
A0A0T5P0M7_9RHOB,1
A0A3B7A4K4_9RHOO,1
A0A482ZQQ6|UNREVIEWED|DIHYDROFOLATE,1
2528302369,1
2518432773,1
O33976~cp4,1
2574470934,1
A0A7R9NXW7|UNREVIEWED|DIHYDROFOLATE,1
A0A7X8B6B6|UNREVIEWED|DIHYDROFOLATE,1
M4VA21_9PROT,1
2830731414,1
A0A4R7J980_9ACTN,1
2865726785,1
2838258589,1
A0A7X9HGL9|UNREVIEWED|DIHYDROFOLATE,1
2820762306,1
2832105438,1
G5ZWT4_9PROT,1
A0A1B9NB89_9MICO,1
A0A1F6C8Z9|UNREVIEWED|DIHYDROFOLATE,1
2910267630,1
2543272107,1
A0A1H7PWF3_9PROT,1
2741289265,1
2828520841,1
A0A6I2GJC3_9LACT,1
P0ABQ4_P21L.L28R~cp1,1
2800503951,1
2517467349,1
A0A239EXI3_9BACT,1
A0A1E4KTB1|UNREVIEWED|DIHYDROFOLATE,1
A0A2E3N3T6|UNREVIEWED|DIHYDROFOLATE,1
2839420109,1
A0A2M8GND6|UNREVIEWED|DIHYDROFOLATE,1
A0A7Y7NMP8|UNREVIEWED|DIHYDROFOLATE,1
A0A258YQP0|UNREVIEWED|DIHYDROFOLATE,1
A0A075DX51_9CAUD,1
A0A2R6E3K1|UNREVIEWED|DIHYDROFOLATE,1
A0A0A2T5N7_9BACI,1
A0A522S6B4|UNREVIEWED|DIHYDROFOLATE,1
2658416213,1
A0A0G0L800|UNREVIEWED|DIHYDROFOLATE,1
V4XRV8_9ARCH,1
A0A3R8T469_9GAMM,1
A0A2R4XKR4_9BURK,1
A0A4Q9GMG2_9RHIZ,1
A0A7Y5KUQ0|UNREVIEWED|DIHYDROFOLATE,1
A0A059X9D9|UNREVIEWED|DIHYDROFOLATE,1
2820034610,1
A0A354UDB9|UNREVIEWED|DIHYDROFOLATE,1
A0A8I2JQ55|UNREVIEWED|DIHYDROFOLATE,1
A0A258XCW3|UNREVIEWED|DIHYDROFOLATE,1
2829167554,1
A0A6I3RCB7_9FIRM,1
A0A1F7L1R0|UNREVIEWED|DIHYDROFOLATE,1
A0A351MR94|UNREVIEWED|DIHYDROFOLATE,1
A0A1I1DMP3_9FIRM,1
2901151058,1
C4Z3U6_LACE2,1
A0A2M9EAY3_9GAMM,1
A0A7T2Y9M3|UNREVIEWED|DIHYDROFOLATE,1
A0A516V820_9GAMM,1
A0A8B8SN49|UNREVIEWED|DIHYDROFOLATE,1
A0A1G2VA85|UNREVIEWED|DIHYDROFOLATE,1
A0A059WXT0|UNREVIEWED|DIHYDROFOLATE,1
A0A2A5X700|UNREVIEWED|DIHYDROFOLATE,1
A0A1V0DEU0_9BACT,1
A0A085W5V9_9DELT,1
A0A3M8FQ37_9BACT,1
A0A7C5R2S4|UNREVIEWED|DIHYDROFOLATE,1
2523921114,1
A0A348P4N3|UNREVIEWED|DIHYDROFOLATE,1
P0ABQ4_T68N~cp1,1
A0A4V0YHT0|UNREVIEWED|DIHYDROFOLATE,1
A0A1Y6D0B5_9GAMM,1
A0A3R7B2U7|UNREVIEWED|DIHYDROFOLATE,1
A0A135HUH5_9RHIZ,1
A0A840RDS7|UNREVIEWED|DIHYDROFOLATE,1
A0A838TUH0|UNREVIEWED|DIHYDROFOLATE,1
R7KCD1_9FIRM,1
2706151501,1
2883127433,1
A0A7V8AZL2|UNREVIEWED|DIHYDROFOLATE,1
2752750474,1
2928943668,1
A0A679IJ38|UNREVIEWED|DIHYDROFOLATE,1
A0A0K1FCR7|UNREVIEWED|DIHYDROFOLATE,1
2799843061,1
A0A1H7SM66_9GAMM,1
A5MZB6_CLOK5,1
A0A0L8F2A2_9CLOT,1
2517376310,1
A0A3S9H0S4_9FIRM,1
2912028459,1
2741293172,1
A0A518G8K1_9BACT,1
A0A0Q4FX22_9SPHN,1
A0A495QIU1|UNREVIEWED|DIHYDROFOLATE,1
A0A1G2I310|UNREVIEWED|DIHYDROFOLATE,1
A0A059WWH9|UNREVIEWED|DIHYDROFOLATE,1
A0A2E2I5A3|UNREVIEWED|DIHYDROFOLATE,1
A0A4D6Y685|UNREVIEWED|DIHYDROFOLATE,1
A0A2T2UCM1|UNREVIEWED|DIHYDROFOLATE,1
A0A2D5B8X3|UNREVIEWED|DIHYDROFOLATE,1
A0A059XBX8|UNREVIEWED|DIHYDROFOLATE,1
A0A537DHQ9|UNREVIEWED|DIHYDROFOLATE,1
A0A1W1YBU0_9BURK,1
A0A1R3W7R0_9GAMM,1
A0A2H0S8V5|UNREVIEWED|DIHYDROFOLATE,1
2820430052,1
2558208634,1
A0A848U2V5|UNREVIEWED|DIHYDROFOLATE,1
K6E865_9BACI,1
2928328479,1
A0A1Z8B909|UNREVIEWED|DIHYDROFOLATE,1
A0A1L5KXD8|UNREVIEWED|DIHYDROFOLATE,1
A0A3D6EU16|UNREVIEWED|DIHYDROFOLATE,1
2927152068,1
A0A2G4H0T7|UNREVIEWED|DIHYDROFOLATE,1
A0A059WVP7|UNREVIEWED|DIHYDROFOLATE,1
2890367083,1
A0A2R6GWJ1|UNREVIEWED|DIHYDROFOLATE,1
A0A1C6LHR1_9NEIS,1
A0A1W2CHB4_9DELT,1
A0A520AFY5|UNREVIEWED|DIHYDROFOLATE,1
A0A7X7K712|UNREVIEWED|DIHYDROFOLATE,1
A0A2T4XCD3|UNREVIEWED|DIHYDROFOLATE,1
A0A556QQM3_9BACT,1
A0A059XF05|UNREVIEWED|DIHYDROFOLATE,1
A0A1V5HPW9|UNREVIEWED|DIHYDROFOLATE,1
A0A2E9H883|UNREVIEWED|DIHYDROFOLATE,1
A0A059WLG4|UNREVIEWED|DIHYDROFOLATE,1
2812415200,1
A0A6P2EHQ5_9BURK,1
2795427395,1
A0A316NM48|UNREVIEWED|DIHYDROFOLATE,1
A0A1G8BU19_9VIBR,1
A0A0C2HGR4_9STAP,1
A0A418VWG2|UNREVIEWED|DIHYDROFOLATE,1
C5WG30~cp4,1
A0A7C7EJD6|UNREVIEWED|DIHYDROFOLATE,1
A0A2C8ZW38_9MICO,1
Q92AD5~cp5,1
A0A1G8CW41|UNREVIEWED|DIHYDROFOLATE,1
A0A838T8E8|UNREVIEWED|DIHYDROFOLATE,1
D2QWB5_PIRSD,1
A0A2W0H3H4_9BACI,1
A0A4D6YCD5|UNREVIEWED|DIHYDROFOLATE,1
A0A6H2EKY5|UNREVIEWED|DIHYDROFOLATE,1
A0A059WX60|UNREVIEWED|DIHYDROFOLATE,1
A0A810Q5Y7|UNREVIEWED|DIHYDROFOLATE,1
Q2FV99_SNUT~cp3,1
A0A5C0B353_9BURK,1
A0A2E3QYE9|UNREVIEWED|DIHYDROFOLATE,1
A0A6N9SIU7|UNREVIEWED|DIHYDROFOLATE,1
A0A5M6CRB9_9BACT,1
A0A2G6DMC6|UNREVIEWED|DIHYDROFOLATE,1
2574208518,1
2587535202,1
A0A844YWZ9|UNREVIEWED|DIHYDROFOLATE,1
A0A2E6QYG2|UNREVIEWED|DIHYDROFOLATE,1
A0A1C7D5D7_9SPHN,1
2887494936,1
A0A3M1E4Y2|UNREVIEWED|DIHYDROFOLATE,1
A0A1Q6M7C0|UNREVIEWED|DIHYDROFOLATE,1
A0A0S8CA59|UNREVIEWED|DIHYDROFOLATE,1
A0A5F8HIZ3_MONDO,1
A0A1H9FMI6_9BACT,1
A3X8B1|UNREVIEWED|DIHYDROFOLATE,1
2799937000,1
A0A087MJZ0_9GAMM,1
A0A7D6E807|UNREVIEWED|DIHYDROFOLATE,1
D1MX71|UNREVIEWED|DIHYDROFOLATE,1
A0A1G1AQV3|UNREVIEWED|DIHYDROFOLATE,1
A0A1F5ZFE9|UNREVIEWED|DIHYDROFOLATE,1
A0A839T234|UNREVIEWED|DIHYDROFOLATE,1
2913357975,1
A0A2E5I9F0|UNREVIEWED|DIHYDROFOLATE,1
A0A2E8TRP0|UNREVIEWED|DIHYDROFOLATE,1
2628439329,1
C5WG30~cp3,1
A0A7V0S1P0|UNREVIEWED|DIHYDROFOLATE,1
A0A0S1Y718_9BORD,1
2800520783,1
A0A059WVE0|UNREVIEWED|DIHYDROFOLATE,1
A0A1W9K2X3|UNREVIEWED|DIHYDROFOLATE,1
A0A2S0II41|UNREVIEWED|DIHYDROFOLATE,1
A0A0X3TK37|UNREVIEWED|DIHYDROFOLATE,1
2895232503,1
2710315291,1
A0A8I1TFU9|UNREVIEWED|DIHYDROFOLATE,1
P0ABQ4_M20I~cp1,1
A0A4R3MLM4_9FIRM,1
2563356403,1
χHi_Haemophilus_influenza_PADLAWFRQK~cp1,1
A0A8F7ZLW8|UNREVIEWED|DIHYDROFOLATE,1
A0A1S8FNC7_9BURK,1
A0A2V9LLI8|UNREVIEWED|DIHYDROFOLATE,1
2867383020,1
A0A0W1KYH8|UNREVIEWED|DIHYDROFOLATE,1
A0A1E3W8Q7_9RHIZ,1
2898009469,1
A0A222PAL6|UNREVIEWED|DIHYDROFOLATE,1
P0ABQ4_folA_esm1b-mask-all_v2~cp4,1
A0A7Y0LWN9|UNREVIEWED|DIHYDROFOLATE,1
A0A1T5AWC7_9SPHI,1
A0A1I5IYF5_9RHIZ,1
A0A3B9C484|UNREVIEWED|DIHYDROFOLATE,1
M7A3D3_9ACTN,1
A0A1G7PX35_9PROT,1
A0A4Q3ENX1|UNREVIEWED|DIHYDROFOLATE,1
A0A858XAH1|UNREVIEWED|DIHYDROFOLATE,1
A0A7C7ZLU4|UNREVIEWED|DIHYDROFOLATE,1
A0A1X0TJK5|UNREVIEWED|DIHYDROFOLATE,1
A0A2G2DVE7|UNREVIEWED|DIHYDROFOLATE,1
A0A059X156|UNREVIEWED|DIHYDROFOLATE,1
A0A0F5FWV7_9RHIZ,1
Q92AD5~cp1,1
A0A7T9DBL5|UNREVIEWED|DIHYDROFOLATE,1
2558638925,1
A0A1F6FID7|UNREVIEWED|DIHYDROFOLATE,1
2619987303,1
A0A2M7QCU1|UNREVIEWED|DIHYDROFOLATE,1
2904483072,1
2722892469,1
A0A0R2CBL9_9LACO,1
A0A8E3MDG9|UNREVIEWED|DIHYDROFOLATE,1
A0A059X2D0|UNREVIEWED|DIHYDROFOLATE,1
2916840354,1
2734763688,1
P08692~cp4,1
A0A2E8CP28|UNREVIEWED|DIHYDROFOLATE,1
A0A7W1NCH6|UNREVIEWED|DIHYDROFOLATE,1
A0A5S5CQY1|UNREVIEWED|DIHYDROFOLATE,1
A0A521MRB1|UNREVIEWED|DIHYDROFOLATE,1
A0A3D2N8F8|UNREVIEWED|DIHYDROFOLATE,1
P0ABQ4_V75H.I155A~cp3,1
A0A2T3W6X9|UNREVIEWED|DIHYDROFOLATE,1
A0A0L0LMH6|UNREVIEWED|DIHYDROFOLATE,1
Q2KYI7~cp1,1
A0A374W6S3_9BACE,1
A0A2D4SNT4|UNREVIEWED|DIHYDROFOLATE,1
A0A4R1HIP9_9GAMM,1
A0A0B7IYP4_9PROT,1
2800095627,1
A0A2S6TUH9|UNREVIEWED|DIHYDROFOLATE,1
A0A359I7L1|UNREVIEWED|DIHYDROFOLATE,1
χPf_Plasmodium_falciparum_SLDMKYFCAV~cp2,1
A0A1W2AA10_9RHIZ,1
A0A6N7SKV6|UNREVIEWED|DIHYDROFOLATE,1
A0A520SBZ2|UNREVIEWED|DIHYDROFOLATE,1
T1B5S1|UNREVIEWED|DIHYDROFOLATE,1
A0A6I7NSX2|UNREVIEWED|DIHYDROFOLATE,1
A0A7G8VVA1|UNREVIEWED|DIHYDROFOLATE,1
2561468999,1
A0A257N570|UNREVIEWED|DIHYDROFOLATE,1
A0A5P9CG71|UNREVIEWED|DIHYDROFOLATE,1
A0A246END3|UNREVIEWED|DIHYDROFOLATE,1
A0A1I2I6J5_9GAMM,1
A0A2D7KYB6|UNREVIEWED|DIHYDROFOLATE,1
W8X0P3_CASDE,1
P0ABQ4_F153L~cp1,1
A0A034WSW6_BACDO,1
A0A848X1H8|UNREVIEWED|DIHYDROFOLATE,1
A0A4Q3M2H7|UNREVIEWED|DIHYDROFOLATE,1
A0A1F5NNL8|UNREVIEWED|DIHYDROFOLATE,1
A0A6A7XZI0_9RHIZ,1
2509147141,1
A0A352CLW9|UNREVIEWED|DIHYDROFOLATE,1
A0A7X1B2E3|UNREVIEWED|DIHYDROFOLATE,1
A0A350J8M6|UNREVIEWED|DIHYDROFOLATE,1
B7GUQ6|UNREVIEWED|DIHYDROFOLATE,1
A0A1Q9JHX6_9FIRM,1
2801021547,1
A0A1F4MPT9|UNREVIEWED|DIHYDROFOLATE,1
A0A1F6IVU5|UNREVIEWED|DIHYDROFOLATE,1
A0A1E4UVC3_9PSED,1
A0A2M6WIP9|UNREVIEWED|DIHYDROFOLATE,1
A0A3M2HUY4_9GAMM,1
A0A841EJP8|UNREVIEWED|DIHYDROFOLATE,1
A0A0K2GZB1|UNREVIEWED|DIHYDROFOLATE,1
A0A368E6Q6|UNREVIEWED|DIHYDROFOLATE,1
S6B537_SULDS,1
A0A2H0U9M1|UNREVIEWED|DIHYDROFOLATE,1
A0A832V9A5|UNREVIEWED|DIHYDROFOLATE,1
A0A4W3HKX9_CALMI,1
2800315899,1
A0A4R5LVA0|UNREVIEWED|DIHYDROFOLATE,1
2881958026,1
A0A352YUX8|UNREVIEWED|DIHYDROFOLATE,1
A0A2E9T6B0|UNREVIEWED|DIHYDROFOLATE,1
2799594103,1
A0A0T5ZX01|UNREVIEWED|DIHYDROFOLATE,1
A0A378ZZ57|UNREVIEWED|DIHYDROFOLATE,1
2939725692,1
A0A059WM50|UNREVIEWED|DIHYDROFOLATE,1
A0A833FZJ9|UNREVIEWED|DIHYDROFOLATE,1
A0A495J9T7_9SPHI,1
A0A1Y6EKJ8_9GAMM,1
A0A3M2L012_9NOCA,1
A0A1X0LEQ8|UNREVIEWED|DIHYDROFOLATE,1
2840177746,1
2899597490,1
2890673465,1
A0A5D6XRC0_9STRA,1
2786980685,1
A0A0V8QE18_9FIRM,1
2628857901,1
2847193297,1
A0A7X8RNV8|UNREVIEWED|DIHYDROFOLATE,1
A0A7X1HIH0|UNREVIEWED|DIHYDROFOLATE,1
2510253950,1
2881320791,1
A0A1G1W3E4|UNREVIEWED|DIHYDROFOLATE,1
2682604976,1
2928941062,1
A0A521V5C6|UNREVIEWED|DIHYDROFOLATE,1
A0A8B2DIF1|UNREVIEWED|DIHYDROFOLATE,1
A0A8E8GXJ1|UNREVIEWED|DIHYDROFOLATE,1
A0A547PBE7_9SPHN,1
A0A848YRX9|UNREVIEWED|DIHYDROFOLATE,1
Q603S1~cp4,1
A0A0G0P0N9|UNREVIEWED|DIHYDROFOLATE,1
A0A7X7FYW4|UNREVIEWED|DIHYDROFOLATE,1
2791894245,1
A0A0G2BBH6|UNREVIEWED|DIHYDROFOLATE,1
A0A559RS74|UNREVIEWED|DIHYDROFOLATE,1
A0A4S5IYT5_9RHIZ,1
A0A502EIX6|UNREVIEWED|DIHYDROFOLATE,1
A0A349P5U7|UNREVIEWED|DIHYDROFOLATE,1
2899498908,1
A0A7Y7DKC9|UNREVIEWED|DIHYDROFOLATE,1
A0A1G2EUF1|UNREVIEWED|DIHYDROFOLATE,1
A0A541BP80_9NOCA,1
A0A271J047|UNREVIEWED|DIHYDROFOLATE,1
A0A0A1WL31|UNREVIEWED|DIHYDROFOLATE,1
A0A7V7E6D0|UNREVIEWED|DIHYDROFOLATE,1
A0A1H1DM57_9ACTN,1
2894278228,1
A0A845PXZ6|UNREVIEWED|DIHYDROFOLATE,1
A0A3B3UZP3|UNREVIEWED|DIHYDROFOLATE,1
A0A1R4FWJ9_9MICO,1
A0A091BEP8_9GAMM,1
A0A7V8K7I1|UNREVIEWED|DIHYDROFOLATE,1
A0A2G6FSF5|UNREVIEWED|DIHYDROFOLATE,1
A0A059WSA0|UNREVIEWED|DIHYDROFOLATE,1
A0A077Z6Q5_TRITR,1
A0A2M6KA54|UNREVIEWED|DIHYDROFOLATE,1
P0ABQ4_P21L~cp6,1
A0A2Z3I3L8_9GAMM,1
A0A658JM00_9CLOT,1
A0A3S3QW69|UNREVIEWED|DIHYDROFOLATE,1
A0A3D5B317|UNREVIEWED|DIHYDROFOLATE,1
A0A1T4KPW0_9FIRM,1
A0A1Z5SK53_9BACT,1
2891627523,1
2820610584,1
2541320694,1
A0A396QG62_9FIRM,1
2820221756,1
F3L2I9_9GAMM,1
A0A1G1L0E4|UNREVIEWED|DIHYDROFOLATE,1
A0A3B0TEV9|UNREVIEWED|DIHYDROFOLATE,1
A0A7C4Y3L1|UNREVIEWED|DIHYDROFOLATE,1
2707414595,1
P0ABQ4_folA_esm1b-mask-all_v1~cp4,1
P0ABQ4_R98P~cp5,1
W5X1L0_BDEBC,1
A0A4Q5NEV3|UNREVIEWED|DIHYDROFOLATE,1
A0A2E7TU70|UNREVIEWED|DIHYDROFOLATE,1
A0A8E2BQB4|UNREVIEWED|DIHYDROFOLATE,1
A0A0F9BUU3|UNREVIEWED|DIHYDROFOLATE,1
2663676262,1
2890988766,1
A0A258FH01|UNREVIEWED|DIHYDROFOLATE,1
A0A059WXW2|UNREVIEWED|DIHYDROFOLATE,1
A0A2A8D0Q3_9BACT,1
A0A7V7ML74|UNREVIEWED|DIHYDROFOLATE,1
A0A257JK30_9PROT,1
A0A6C0C5Q3|UNREVIEWED|DIHYDROFOLATE,1
A0A0X8G2F6_9FIRM,1
2515283383,1
A0A2X3HAN4_9LIST,1
A0A1F4BAX8|UNREVIEWED|DIHYDROFOLATE,1
A0A553FYG8|UNREVIEWED|DIHYDROFOLATE,1
2809176445,1
A0A1I1JJ30_9BACT,1
A0A351IZ83|UNREVIEWED|DIHYDROFOLATE,1
A0A0G0H6B0|UNREVIEWED|DIHYDROFOLATE,1
A0A3D3CU22|UNREVIEWED|DIHYDROFOLATE,1
A0A2T0BA44_9CLOT,1
A0A653CAA2_CALMS,1
A0A8I0GCA4|UNREVIEWED|DIHYDROFOLATE,1
2547597286,1
A0A7Y7NUC4|UNREVIEWED|DIHYDROFOLATE,1
A0A7W8NQC7|UNREVIEWED|DIHYDROFOLATE,1
A0A7V6ZNY6|UNREVIEWED|DIHYDROFOLATE,1
A0A7M3MXH1|UNREVIEWED|DIHYDROFOLATE,1
A0A841T3K9|UNREVIEWED|DIHYDROFOLATE,1
2648609925,1
A0A8I1Q9H3|UNREVIEWED|DIHYDROFOLATE,1
A0A0D7EP36_RHOPL,1
2582829566,1
A0A3C0YF67|UNREVIEWED|DIHYDROFOLATE,1
A0A372IY88_9ACTN,1
A0A6C0H429|UNREVIEWED|DIHYDROFOLATE,1
2915383694,1
A0A4Y9J6I0_9LACT,1
A0A2D9XV11|UNREVIEWED|DIHYDROFOLATE,1
2931829696,1
A0A515LD53_9SPHN,1
A0A411BI41_9CAUD,1
A0A8G0HU34|UNREVIEWED|DIHYDROFOLATE,1
A0A2P5L3U9|UNREVIEWED|DIHYDROFOLATE,1
2851777096,1
A0A7V9T5Z7|UNREVIEWED|DIHYDROFOLATE,1
A0A4T3F1S6_9SPHN,1
A0A0G1HG07|UNREVIEWED|DIHYDROFOLATE,1
P0ABQ4_A26T.L28R~cp1,1
A0A6M3GZS6|UNREVIEWED|DIHYDROFOLATE,1
2919443209,1
2648943466,1
A0A432I8L6|UNREVIEWED|DIHYDROFOLATE,1
A0A0G0DHF1|UNREVIEWED|DIHYDROFOLATE,1
A0A519Q772_9SPHN,1
A0A2W7QVG5|UNREVIEWED|DIHYDROFOLATE,1
A0A7X3LZE8|UNREVIEWED|DIHYDROFOLATE,1
A0A6G9ZBM9|UNREVIEWED|DIHYDROFOLATE,1
A0A7C2T300|UNREVIEWED|DIHYDROFOLATE,1
A0A516SIW6_9BURK,1
A0A832R7Q3|UNREVIEWED|DIHYDROFOLATE,1
2795493089,1
A0A378TW10|UNREVIEWED|DIHYDROFOLATE,1
A0A061AIM5_9MOLU,1
2925014336,1
2541029056,1
A0A3D2HFC4|UNREVIEWED|DIHYDROFOLATE,1
A0A519ENV3_9BURK,1
A0A1F3A6Z8|UNREVIEWED|DIHYDROFOLATE,1
A0A848Y8Q7|UNREVIEWED|DIHYDROFOLATE,1
A0A1H6VZ67_9FIRM,1
2836462852,1
A0A258GY37|UNREVIEWED|DIHYDROFOLATE,1
A0A0B4HLP2|UNREVIEWED|DIHYDROFOLATE,1
A0A7Y5NXE8|UNREVIEWED|DIHYDROFOLATE,1
A0A2E2NYH0|UNREVIEWED|DIHYDROFOLATE,1
2908797987,1
A0A4Q2KVP6_9MICO,1
R7MG86_9CLOT,1
2884154049,1
A0A3R9NBA1|UNREVIEWED|DIHYDROFOLATE,1
A0A059WVG8|UNREVIEWED|DIHYDROFOLATE,1
2737723530,1
A0A2P5T216|UNREVIEWED|DIHYDROFOLATE,1
P0ABQ4_folA_esm1b-mcmc_v2~cp6,1
2889850124,1
A0A4Q6EJT9|UNREVIEWED|DIHYDROFOLATE,1
A0A4V2RQX3_9BACT,1
2866446438,1
2820821448,1
A0A1I1P8D1_9CLOT,1
A0A059XAM9|UNREVIEWED|DIHYDROFOLATE,1
A0A1G2GQR8|UNREVIEWED|DIHYDROFOLATE,1
A0A3B0VKQ0|UNREVIEWED|DIHYDROFOLATE,1
A0A059WPE1|UNREVIEWED|DIHYDROFOLATE,1
A0A2B8BAR8|UNREVIEWED|DIHYDROFOLATE,1
A0A558FLZ9|UNREVIEWED|DIHYDROFOLATE,1
2820619842,1
A0A2V5B7K6_9SPHN,1
A0A4U6CG61_9RHIZ,1
A0A661Z7T8|UNREVIEWED|DIHYDROFOLATE,1
A0A553SLF3|UNREVIEWED|DIHYDROFOLATE,1
A0A836UEA6|UNREVIEWED|DIHYDROFOLATE,1
A0A0B7NSJ6_9FUNG,1
2619309088,1
P0ABQ4_E120P~cp4,1
A0A059WSV8|UNREVIEWED|DIHYDROFOLATE,1
A0A2D5XJJ5|UNREVIEWED|DIHYDROFOLATE,1
2701035539,1
A0A1Q4HAM4_9MYCO,1
A0A2S0KMU2|UNREVIEWED|DIHYDROFOLATE,1
A0A3S0EY09|UNREVIEWED|DIHYDROFOLATE,1
A0A2W7TNR7_9BACT,1
A0A1I0U635|UNREVIEWED|DIHYDROFOLATE,1
A0A2N1QKE5|UNREVIEWED|DIHYDROFOLATE,1
A0A849NH40|UNREVIEWED|DIHYDROFOLATE,1
P0ABQ4_folA_esm1b-from-right_v2~cp3,1
A0A7V4P9V7|UNREVIEWED|DIHYDROFOLATE,1
2795540496,1
2800910230,1
2820033405,1
A0A7G1G9E7|UNREVIEWED|DIHYDROFOLATE,1
A0A444G575_ENSVE,1
2788169846,1
B8I0T9~cp2,1
2773595142,1
A0A0G1CCL0|UNREVIEWED|DIHYDROFOLATE,1
A0A7T5RF48|UNREVIEWED|DIHYDROFOLATE,1
2713100322,1
2524315807,1
A0A2A5G8W5|UNREVIEWED|DIHYDROFOLATE,1
A0A561BKC9_9ACTN,1
A0A059WVW9|UNREVIEWED|DIHYDROFOLATE,1
A0A3M1FKU6|UNREVIEWED|DIHYDROFOLATE,1
A0A1B9LEJ5|UNREVIEWED|DIHYDROFOLATE,1
A0A5A8UEV6|UNREVIEWED|DIHYDROFOLATE,1
A0A2E5ZRP5|UNREVIEWED|DIHYDROFOLATE,1
2927750941,1
A0A512L8I6|UNREVIEWED|DIHYDROFOLATE,1
2738917640,1
2862886643,1
2882446891,1
P0ABQ4_P21L.A26T.L28R~cp5,1
2836454905,1
A0A0H4KGW4_9BACI,1
A0A5M8P1M1|UNREVIEWED|DIHYDROFOLATE,1
A0A4R6XKK6_9GAMM,1
2847995439,1
A0A1G9Q2W2_9FIRM,1
2885706708,1
J7Q5D3_METSZ,1
2899451138,1
2525725893,1
R7PBC3_9BACT,1
P0ABQ4~cp6,1
A0A2E8IXR2|UNREVIEWED|DIHYDROFOLATE,1
A0A6G7CL82|UNREVIEWED|DIHYDROFOLATE,1
χHs_Homo_sapiens_RNEFRYFQRM~cp1,1
2732338996,1
A0A2M6Y8W9|UNREVIEWED|DIHYDROFOLATE,1
A0A7D5S285|UNREVIEWED|DIHYDROFOLATE,1
A0A3S0V4J6_9GAMM,1
A0A059X1Z5|UNREVIEWED|DIHYDROFOLATE,1
A0A1M3HPL5|UNREVIEWED|DIHYDROFOLATE,1
A0A0S8D1S3|UNREVIEWED|DIHYDROFOLATE,1
A0A7T8YSN5|UNREVIEWED|DIHYDROFOLATE,1
2516605362,1
A0A0R1NYG7|UNREVIEWED|DIHYDROFOLATE,1
P0ABQ4_G121V~cp7,1
A0A7Z2NWA8|UNREVIEWED|DIHYDROFOLATE,1
A0A2R6CNQ1|UNREVIEWED|DIHYDROFOLATE,1
A0A5B9P6G7_9BACT,1
2918398385,1
A0A2E3NWH7|UNREVIEWED|DIHYDROFOLATE,1
A0A494YUU8_9BACI,1
A0A1G5AZQ1_9FIRM,1
A0A2A3Y2J1|UNREVIEWED|DIHYDROFOLATE,1
2860301333,1
G0QDT6_NANSJ,1
2596484709,1
A0A3S0B6B5|UNREVIEWED|DIHYDROFOLATE,1
A0A2S7F8A7|UNREVIEWED|DIHYDROFOLATE,1
A0A1G3QPU8|UNREVIEWED|DIHYDROFOLATE,1
2901095427,1
A0A679HSL5|UNREVIEWED|DIHYDROFOLATE,1
A0A2G6C3U7|UNREVIEWED|DIHYDROFOLATE,1
A0A2T2U7E7|UNREVIEWED|DIHYDROFOLATE,1
2914845802,1
A0A4Q6GQC9|UNREVIEWED|DIHYDROFOLATE,1
A0A5C6RY61_9BACT,1
2523431295,1
A0A4Z0BF03_9BURK,1
A0A059WVK2|UNREVIEWED|DIHYDROFOLATE,1
P0ABQ4_D27E~cp6,1
2682376572,1
A0A520MRK2|UNREVIEWED|DIHYDROFOLATE,1
A0A3R7KMI7|UNREVIEWED|DIHYDROFOLATE,1
R7PSS5_9FIRM,1
2752675314,1
A0A5D4XEY1|UNREVIEWED|DIHYDROFOLATE,1
A0A380BT85|UNREVIEWED|DIHYDROFOLATE,1
2856314123,1
A0A800GKA6|UNREVIEWED|DIHYDROFOLATE,1
A0A2H6J9E1|UNREVIEWED|DIHYDROFOLATE,1
A0A433XMU3_9RHIZ,1
2710060275,1
A0A172Q6W0_9STRE,1
F9U9I5_9GAMM,1
P0ABQ4_folA_gremlin-smooth_v2~cp3,1
A0A0U5C5F3|UNREVIEWED|DIHYDROFOLATE,1
A0A1M4ZZT1_9BURK,1
A0A381VJG1|UNREVIEWED|DIHYDROFOLATE,1
A0A848CJE9|UNREVIEWED|DIHYDROFOLATE,1
A0A1M3DDN4|UNREVIEWED|DIHYDROFOLATE,1
A0A2E9FHU8|UNREVIEWED|DIHYDROFOLATE,1
A0A1F6CMZ0|UNREVIEWED|DIHYDROFOLATE,1
A0A2E1VVL8|UNREVIEWED|DIHYDROFOLATE,1
A0A1I0NW16_9BACT,1
A0A059WS18|UNREVIEWED|DIHYDROFOLATE,1
A0A059X3H9|UNREVIEWED|DIHYDROFOLATE,1
A0A834M1C5|UNREVIEWED|DIHYDROFOLATE,1
P0ABQ4_T68N.Q108D.T113V.E120P.S138Y~cp4,1
A0A259YZQ1|UNREVIEWED|DIHYDROFOLATE,1
A0A355FVF6|UNREVIEWED|DIHYDROFOLATE,1
A0A821QZZ1|UNREVIEWED|DIHYDROFOLATE,1
A0A6L9L156|UNREVIEWED|DIHYDROFOLATE,1
A0A0G3XAH7_9SPHN,1
A0A3D4X4M8|UNREVIEWED|DIHYDROFOLATE,1
2720056578,1
2894893205,1
A0A1F6KD03|UNREVIEWED|DIHYDROFOLATE,1
A0A3D3JQ25|UNREVIEWED|DIHYDROFOLATE,1
Q92AD5~cp4,1
2888444505,1
A0A1V5SCT3|UNREVIEWED|DIHYDROFOLATE,1
A0A425VX36|UNREVIEWED|DIHYDROFOLATE,1
A0A382LYH6|UNREVIEWED|DIHYDROFOLATE,1
A0A1F7QP51|UNREVIEWED|DIHYDROFOLATE,1
2881572123,1
